Anketa_Number;A_1;A_2;A_3;A_4;A_5;A_6;A_7;A_8;A_9;A_10;A_11;B_1;B_2;B_3;B_4;B_5;B_6;C1_1;C1_2;C2_1;C2_2;C3_1;C3_2;C4_1;C4_2;C5_1;C5_2;C6_1;C6_2;C7_1;C7_2;C8_1;C8_2;C9_1;C9_2;C10_1;C10_2;Expert;
anketa_10009;6;6;6;6;5;5;6;5;3;5;4;1;1;0;0;0;0;1;0;0;0;1;1;1;0;1;0;0;0;0;1;0;0;0;0;0;0;0;
Anketa_10011;7;5;7;1;7;7;3;6;7;7;5;1;0;1;0;1;1;1;0;0;0;1;0;1;1;1;0;1;1;1;1;1;1;0;0;0;0;0;
anketa_10012;2;4;7;7;6;6;1;6;4;6;6;0;0;1;1;1;0;1;0;0;0;1;0;1;1;1;0;1;1;1;1;1;1;1;0;0;0;0;
anketa_10014;7;5;7;4;5;3;2;4;3;7;3;0;0;0;0;1;1;1;0;0;0;1;0;1;0;1;0;0;0;0;0;0;0;0;0;1;0;0;
anketa_10016;7;5;7;7;7;6;4;5;6;7;5;0;1;0;0;0;1;1;0;0;0;1;0;0;0;0;0;0;0;0;0;1;0;0;0;0;0;0;
Anketa_10017;7;5;7;7;7;6;4;5;6;7;5;0;0;0;0;0;0;1;0;0;0;1;0;1;0;1;1;0;0;0;0;1;1;0;0;0;0;0;
anketa_10018;2;3;7;7;5;5;1;4;2;7;1;0;0;0;1;1;1;1;0;0;0;1;0;1;0;1;0;0;0;0;0;1;0;0;0;0;0;0;
anketa_10019;6;4;7;7;5;5;1;3;1;7;1;1;1;1;1;0;1;1;1;0;0;0;0;1;1;1;1;1;1;1;1;1;1;1;0;1;0;1;
anketa_10020;7;7;7;7;7;7;7;4;6;7;6;1;0;0;0;0;1;1;0;0;0;1;0;1;0;1;1;0;0;0;0;1;1;0;0;0;0;0;
anketa_10021;6;5;5;2;3;5;3;1;1;5;1;1;0;1;0;1;1;1;0;0;0;1;0;0;0;1;0;0;0;0;0;0;0;0;0;0;0;0;
anketa_10022;7;5;7;7;5;6;1;3;2;7;3;0;0;1;0;1;0;1;0;0;0;1;0;1;0;1;0;0;0;0;0;0;0;0;0;0;0;0;
Anketa_10023;7;7;7;7;7;7;7;7;7;7;7;0;1;0;0;1;1;0;0;0;0;1;0;0;0;0;0;0;0;0;0;1;0;0;0;0;0;0;
anketa_10024;4;4;2;4;4;6;6;3;2;6;1;0;0;0;0;1;1;1;1;0;0;1;1;1;0;0;0;0;0;0;0;1;1;0;0;1;1;0;
anketa_10025;4;2;4;2;2;4;1;5;2;7;5;1;0;0;0;1;1;0;0;0;0;1;0;0;0;0;0;0;0;0;0;0;0;0;0;0;0;0;
anketa_10026;7;7;7;7;7;7;2;4;4;7;5;0;0;1;0;1;0;1;0;0;0;1;0;1;1;1;0;0;0;0;1;1;1;0;0;1;1;0;
anketa_10027;2;6;7;6;5;5;4;5;6;7;4;0;0;1;0;1;1;1;0;0;0;1;0;1;1;1;0;0;0;0;1;1;1;0;0;1;1;0;
anketa_10028;6;5;7;6;4;6;3;4;3;5;2;0;0;1;0;0;1;1;0;0;0;1;0;1;0;1;0;0;0;0;0;1;1;0;0;1;1;0;
anketa_10029;7;4;4;4;4;7;2;5;4;5;5;0;0;0;0;1;1;1;0;0;0;1;0;1;0;1;0;0;0;0;0;1;1;0;0;1;1;0;
anketa_10030;5;7;7;7;5;7;7;4;5;7;6;0;0;0;0;1;1;0;0;0;0;1;0;0;0;0;0;0;0;0;0;1;0;0;0;1;0;0;
anketa_10031;7;7;7;7;7;7;5;5;6;7;5;0;1;0;0;1;1;1;0;0;0;0;0;1;0;1;0;0;0;0;1;1;0;0;0;0;0;0;
anketa_10032;3;6;5;6;6;7;2;5;5;7;5;0;1;0;0;0;1;1;1;0;0;1;1;1;1;1;1;0;0;0;1;1;1;0;1;1;1;0;
anketa_10033;4;2;5;7;4;2;1;4;7;7;2;1;1;0;0;0;1;1;1;0;0;1;1;1;0;1;1;0;0;0;1;1;1;0;1;1;1;0;
anketa_10034;6;7;7;7;7;7;2;5;3;7;3;0;0;0;0;1;1;1;0;0;0;1;1;1;0;1;1;0;0;0;0;1;1;0;1;1;1;0;
anketa_10035;7;7;6;5;4;5;3;5;2;5;2;0;0;0;0;1;1;1;1;0;0;1;1;0;0;0;0;0;0;0;0;1;0;0;0;1;0;0;
anketa_10036;7;6;7;7;4;7;7;7;5;6;3;0;0;0;0;0;1;0;0;0;0;1;0;0;0;0;0;0;0;0;0;0;0;0;0;0;0;0;
anketa_10037;7;7;5;7;7;7;1;7;6;7;4;1;1;1;0;1;1;1;0;1;0;1;0;1;0;0;0;0;0;0;0;0;0;0;0;0;0;0;
anketa_10038;7;7;7;7;7;7;4;3;2;7;2;1;0;0;1;0;1;1;1;0;0;1;0;0;0;0;0;0;0;0;0;0;0;0;0;0;0;0;
anketa_10039;3;1;1;5;2;3;1;4;1;4;2;1;0;0;1;0;1;1;1;0;0;1;0;1;0;0;0;0;0;0;0;0;0;0;0;0;0;0;
anketa_10040;6;4;7;7;6;7;1;5;2;7;3;0;0;0;0;1;1;1;1;0;0;1;1;1;1;1;0;0;0;0;0;1;1;0;0;0;0;0;
anketa_10041;6;6;7;7;6;7;2;4;4;7;7;0;1;0;1;0;1;0;1;0;0;1;0;1;0;0;0;0;0;1;1;1;0;0;0;1;1;0;
anketa_10042;6;6;5;5;5;4;4;4;4;7;2;1;0;1;1;1;1;0;0;0;0;1;1;1;1;0;0;0;0;0;1;1;1;0;0;0;0;0;
anketa_10043;6;6;7;7;6;7;6;4;7;7;4;1;1;0;0;1;1;1;0;0;0;1;0;0;1;0;0;0;1;0;0;1;1;0;0;0;0;0;
anketa_10044;4;7;7;7;6;7;2;2;3;5;1;1;1;1;1;1;0;1;0;0;0;1;0;0;1;1;1;0;1;0;0;1;0;0;0;0;0;0;
anketa_10045;7;7;7;7;7;7;4;6;7;7;6;1;0;0;0;1;1;1;1;0;0;1;1;1;0;1;1;0;0;1;1;0;1;0;0;0;1;0;
anketa_10046;1;5;7;7;4;4;5;4;4;7;4;1;1;1;0;1;1;1;1;1;1;1;1;1;1;1;1;1;0;1;1;1;1;1;1;1;1;0;
anketa_10047;1;4;6;6;6;6;7;4;6;7;6;1;0;1;0;1;1;1;1;0;0;1;0;1;0;1;0;0;0;0;1;1;1;1;0;0;1;0;
anketa_10048;6;6;7;7;7;7;7;4;1;6;2;0;1;0;0;0;1;1;1;0;0;1;1;1;1;0;0;0;0;1;1;1;1;0;0;0;0;0;
anketa_10049;7;7;7;7;6;5;7;4;3;7;2;1;0;1;0;1;1;1;0;0;0;0;0;1;0;0;0;0;0;1;1;1;0;0;0;1;0;0;
anketa_10051;1;5;1;5;4;6;7;6;5;7;6;1;1;1;0;1;1;1;1;0;0;1;1;1;0;1;1;1;0;1;1;1;1;0;0;0;1;0;
anketa_10053;5;4;6;7;4;5;1;5;4;4;6;1;1;0;1;0;1;0;0;0;0;1;1;1;1;1;1;0;0;0;1;1;0;0;0;1;1;0;
anketa_10054;5;5;6;6;5;6;3;5;6;6;5;1;1;0;0;1;0;0;0;0;0;1;1;0;0;1;1;0;0;0;1;1;0;0;0;1;1;0;
anketa_10055;7;7;7;7;7;7;7;5;6;7;5;1;1;0;1;0;0;0;0;0;0;1;0;1;0;1;1;0;0;0;1;1;0;0;0;1;1;0;
anketa_10056;6;6;7;6;7;7;4;4;2;7;4;1;1;1;1;0;1;1;0;0;0;1;0;1;0;1;1;0;0;0;0;1;0;0;0;1;1;0;
anketa_10057;7;6;6;7;6;5;6;5;7;7;4;1;0;1;1;1;0;1;0;0;0;1;0;1;1;1;1;1;1;1;1;1;1;1;0;0;0;0;
anketa_10058;7;5;6;6;5;7;4;5;4;7;4;1;0;1;0;1;1;1;0;0;0;1;1;1;1;0;1;0;0;1;1;0;1;0;0;1;1;0;
anketa_10060;3;4;5;7;6;6;7;5;4;6;2;1;0;1;0;0;1;1;0;0;0;1;0;1;0;1;0;0;0;0;0;1;1;0;0;1;1;0;
anketa_10061;7;5;4;5;3;4;1;4;3;7;3;1;1;1;0;0;1;1;0;0;0;1;1;1;1;1;1;0;0;1;1;1;0;1;0;1;1;0;
anketa_10062;6;6;5;5;5;5;4;2;4;7;2;1;1;1;1;0;1;1;0;0;0;1;1;1;1;1;1;0;0;0;1;1;1;1;0;1;1;0;
anketa_10063;7;7;7;7;5;7;7;5;4;7;2;1;0;0;0;1;0;1;0;0;0;1;1;1;1;1;1;0;0;0;1;1;1;0;0;0;1;0;
anketa_10064;7;7;7;7;7;7;7;5;4;6;5;1;0;0;0;1;1;1;0;0;0;1;1;1;1;1;0;0;1;0;1;1;1;0;0;0;0;0;
anketa_10065;7;7;7;7;7;7;4;6;6;7;6;1;1;1;0;0;0;1;1;1;1;1;1;1;0;0;0;1;1;1;1;1;1;0;0;1;1;0;
anketa_10066;7;7;7;7;7;7;7;4;7;7;3;1;1;1;0;1;1;1;1;0;0;1;1;1;1;1;1;1;1;1;1;1;1;1;1;1;1;0;
anketa_10067;6;7;7;7;7;7;5;4;7;7;7;1;1;1;0;1;1;1;1;0;0;1;1;1;1;1;1;1;1;1;1;1;1;0;0;1;1;0;
anketa_10068;7;7;7;7;7;7;1;6;6;6;6;1;0;0;0;1;1;0;0;0;0;1;0;1;0;1;0;0;0;1;1;1;0;0;0;0;0;0;
anketa_10069;3;7;7;7;7;6;5;5;4;7;3;1;0;1;0;0;1;1;1;0;0;1;1;1;1;1;0;0;0;0;0;0;0;0;0;1;0;0;
anketa_10070;7;7;7;7;6;6;7;3;6;7;3;0;0;0;0;1;0;1;0;0;0;1;0;0;0;1;0;0;0;0;0;1;0;0;0;0;0;0;
anketa_10071;7;4;4;5;4;7;5;3;3;7;1;1;1;0;0;0;1;0;0;0;0;1;0;0;0;0;0;0;0;0;0;0;0;0;0;0;0;0;
anketa_10073;2;1;6;4;1;1;1;1;2;7;1;1;0;0;1;0;1;1;0;0;0;1;0;1;0;1;0;0;0;0;0;0;0;0;0;0;0;0;
anketa_10074;7;6;7;7;7;7;4;2;3;7;3;1;0;0;0;0;1;0;0;0;0;0;0;0;0;0;0;0;0;0;0;0;0;0;0;0;0;0;
anketa_10075;1;3;3;3;5;5;1;1;1;7;1;0;0;0;0;0;1;1;0;0;0;1;0;1;0;0;0;0;0;0;0;0;0;0;0;0;0;0;
anketa_10076;2;2;4;5;3;3;3;5;1;5;5;0;0;0;0;1;1;1;0;0;0;1;0;1;1;0;0;0;0;0;1;0;1;0;0;0;0;0;
anketa_10077;7;3;5;5;1;4;1;4;4;7;3;0;0;0;0;1;1;1;0;0;0;1;0;1;0;0;0;0;0;0;1;0;0;0;0;0;0;0;
anketa_10078;2;6;6;7;7;7;4;5;5;6;4;1;0;0;0;1;1;1;1;0;0;1;0;1;0;1;0;0;0;0;0;0;0;0;1;1;1;0;
anketa_10079;3;7;6;6;6;7;7;5;5;7;5;0;0;0;0;1;1;1;0;0;0;1;0;1;0;0;0;0;0;0;0;0;0;0;1;0;1;0;
anketa_10080;7;5;2;7;2;4;7;3;1;6;2;1;0;0;0;0;0;1;1;0;0;1;0;0;0;0;0;0;0;0;0;0;0;0;0;0;0;0;
anketa_10081;7;4;7;7;7;5;4;3;1;6;3;0;1;0;1;1;1;1;1;0;0;1;0;1;0;0;0;0;0;0;1;0;1;0;0;0;0;0;
anketa_10082;1;3;3;4;3;4;4;3;1;2;2;1;0;0;0;0;0;1;1;0;0;1;0;1;0;1;0;0;0;1;0;0;0;0;0;0;0;0;
anketa_10084;7;1;7;7;1;7;7;2;7;7;2;1;0;0;0;1;1;0;0;0;0;1;0;1;0;1;0;1;0;0;0;0;0;0;0;0;0;0;
anketa_10085;7;7;7;7;5;7;7;6;5;6;6;0;0;0;0;0;1;1;1;0;0;1;0;1;1;1;0;0;0;0;1;1;0;0;0;0;1;0;
anketa_10086;7;4;7;7;6;4;2;4;5;7;3;0;0;0;0;0;1;1;1;0;0;1;0;1;1;1;0;0;0;0;1;1;1;0;0;0;0;0;
anketa_10088;6;4;4;4;5;5;3;3;3;7;4;1;1;1;1;1;1;1;1;1;1;1;0;1;0;1;1;1;1;0;1;1;1;0;0;0;0;0;
anketa_10090;7;7;3;5;3;7;7;3;3;6;7;0;0;0;1;1;1;1;1;0;0;1;0;1;0;0;1;0;0;0;0;1;1;0;0;0;0;0;
anketa_10091;5;4;7;7;3;4;1;5;5;3;7;0;0;0;1;1;1;1;1;0;0;1;0;1;0;1;0;0;0;0;0;1;1;0;0;0;0;0;
anketa_10092;7;7;7;7;7;7;3;1;3;7;2;0;1;1;0;0;0;1;0;0;0;1;0;0;0;1;0;0;0;0;0;0;0;0;0;0;0;0;
anketa_10093;4;4;4;4;4;3;5;4;5;7;7;0;0;0;1;0;1;1;1;0;0;1;0;1;0;1;0;0;0;0;0;1;1;0;0;0;0;0;
anketa_10094;7;7;6;7;4;5;2;4;6;7;6;0;1;0;0;1;0;1;0;0;0;1;0;1;0;1;1;0;0;0;0;1;1;1;0;0;0;0;
anketa_10095;4;5;5;6;6;6;4;5;6;7;5;1;0;1;0;1;1;1;0;0;0;1;0;1;1;1;0;1;0;0;1;1;0;0;0;0;0;0;
anketa_10096;6;4;5;5;5;6;1;2;2;7;1;1;0;0;0;1;0;0;1;0;0;1;0;0;0;1;0;0;0;0;0;0;0;0;0;0;0;0;
anketa_10097;1;5;5;4;4;4;4;3;1;7;1;1;0;0;0;0;1;1;0;0;0;1;0;0;0;1;0;0;0;0;0;0;0;0;0;1;0;0;
anketa_10098;7;7;7;7;7;7;7;5;4;7;5;1;0;1;0;1;1;1;1;0;0;1;1;1;0;1;1;0;0;1;1;1;1;1;1;1;1;0;
anketa_10099;7;7;7;7;7;7;7;5;7;7;4;1;0;1;0;1;0;1;1;0;0;1;1;1;0;1;1;0;0;1;0;1;1;0;0;1;1;0;
anketa_10100;7;7;7;7;3;6;2;4;2;6;1;1;1;1;0;1;0;1;0;0;0;1;1;1;0;1;0;0;0;0;1;1;0;0;0;0;0;0;
anketa_10101;2;5;5;7;7;7;1;6;5;6;3;0;1;0;0;0;1;1;1;1;0;1;1;1;1;1;1;0;1;1;1;1;1;1;1;0;1;0;
anketa_10102;7;4;1;4;1;5;4;1;1;5;1;0;0;0;0;0;1;1;0;0;0;1;0;0;0;0;0;0;0;0;0;0;0;0;0;0;0;0;
anketa_10103;7;2;4;7;6;4;7;4;2;7;7;1;1;1;0;0;1;1;1;0;0;1;0;1;0;1;0;0;0;0;0;1;1;0;0;1;1;0;
anketa_10104;5;5;4;6;5;2;5;4;5;4;2;0;1;0;0;1;1;1;0;0;0;1;0;1;0;1;0;0;0;0;1;1;1;0;0;0;1;0;
anketa_10105;7;7;7;7;6;5;3;3;5;6;3;0;0;1;0;0;1;1;1;0;0;1;0;1;0;1;0;0;0;0;0;1;1;0;0;1;1;0;
anketa_10106;5;4;4;3;3;3;4;3;2;4;2;1;0;1;0;0;0;0;1;0;0;1;0;0;0;0;0;0;0;0;0;0;0;0;0;0;0;0;
anketa_10107;7;5;7;7;5;7;2;3;1;7;3;0;0;1;0;1;0;0;0;0;0;1;0;0;0;0;0;0;0;0;0;0;0;0;0;0;0;0;
anketa_10108;4;5;6;6;4;5;5;4;3;7;4;1;1;0;0;1;1;0;0;0;0;1;0;1;0;0;0;0;0;0;1;1;0;0;0;1;1;0;
anketa_10110;4;3;4;4;2;4;3;4;5;7;4;1;0;0;0;1;1;1;1;0;0;1;1;1;0;0;1;1;0;1;1;1;0;0;0;0;1;0;
anketa_10111;7;7;5;7;7;5;6;3;5;7;3;0;0;1;1;0;1;0;0;0;0;1;0;1;0;0;0;0;0;0;0;1;1;0;0;0;0;0;
anketa_10112;7;7;7;7;7;7;5;5;6;7;4;1;1;1;0;0;1;1;1;1;1;1;1;1;1;1;0;1;0;0;1;1;1;0;0;1;1;0;
anketa_10113;6;7;7;7;7;7;6;4;6;7;4;1;0;1;0;0;1;0;0;0;0;0;0;0;0;0;0;0;0;0;0;0;0;0;0;0;0;0;
anketa_10114;6;6;5;6;5;5;1;4;4;6;4;1;0;0;0;1;0;1;1;0;0;1;1;1;1;0;0;0;0;1;1;0;0;0;0;0;0;0;
anketa_10115;3;4;2;3;6;7;1;3;3;6;1;0;0;0;0;1;0;1;1;0;0;1;0;1;0;1;0;0;0;0;1;1;1;0;0;1;0;0;
anketa_10118;5;2;5;3;4;2;5;6;7;7;7;1;0;0;0;1;1;0;0;0;0;1;0;0;0;0;0;0;0;0;0;1;0;0;0;0;0;0;
anketa_10119;4;5;5;7;7;6;3;3;4;6;5;1;0;1;0;0;1;0;0;0;0;1;1;1;1;1;0;0;0;0;0;1;0;0;0;0;0;0;
anketa_10120;6;7;4;7;7;7;3;5;7;7;5;1;0;0;0;1;1;1;1;0;0;1;1;1;0;1;0;1;0;1;1;1;1;0;0;1;0;0;
anketa_10121;4;4;6;6;3;5;2;2;2;5;4;1;0;1;0;0;1;1;0;0;0;1;0;0;0;0;0;0;0;0;0;0;0;0;0;0;0;0;
anketa_10122;7;6;4;6;6;7;4;4;5;7;2;0;1;1;1;1;1;1;1;0;0;1;1;1;0;1;1;0;0;0;0;1;1;0;0;1;0;0;
anketa_10123;7;3;6;5;6;7;4;2;1;7;1;0;0;0;0;0;0;0;1;0;0;1;0;0;0;0;0;0;0;0;0;0;0;0;0;0;0;0;
anketa_10124;7;7;7;7;7;7;7;6;4;7;5;1;0;1;0;1;1;1;0;0;0;1;1;1;0;0;0;0;0;0;0;1;0;0;0;1;0;0;
anketa_10125;4;2;6;7;4;6;2;1;1;2;2;1;0;0;0;1;0;0;0;0;0;1;0;0;0;0;0;0;0;0;0;0;0;0;0;0;0;0;
anketa_10126;1;3;2;4;2;3;2;1;1;7;1;1;1;1;1;1;1;1;0;0;0;1;0;0;0;1;0;0;0;0;0;0;0;0;0;0;0;1;
anketa_10127;7;7;7;7;7;7;7;4;3;2;5;1;0;0;0;1;1;0;0;0;0;0;0;0;0;0;0;0;0;0;0;0;0;0;0;0;0;1;
anketa_10128;7;4;7;7;7;6;2;4;6;7;4;1;0;1;1;0;1;1;0;0;0;1;0;0;0;1;0;0;0;0;0;0;0;0;0;1;0;1;
anketa_10130;1;4;6;3;2;5;7;1;2;7;1;1;1;1;1;1;1;1;1;0;0;1;0;1;1;1;0;0;0;0;0;0;0;0;0;0;0;1;
anketa_10131;5;5;7;7;7;6;4;6;4;7;3;1;0;1;0;0;1;1;0;0;0;1;0;1;0;0;0;0;0;0;0;0;0;0;1;1;0;1;
anketa_10132;7;3;6;5;4;7;3;5;6;7;4;0;1;0;0;1;1;0;0;0;0;1;0;0;0;1;0;0;0;0;0;1;0;0;0;1;0;1;
anketa_10133;5;6;6;6;7;7;7;3;4;5;5;0;0;0;0;0;1;1;1;0;0;1;1;1;0;1;0;0;0;1;1;0;0;0;0;0;0;0;
anketa_10134;7;7;7;7;4;6;6;5;7;7;5;1;1;1;1;1;1;1;1;1;1;1;1;1;1;1;1;1;1;0;0;1;1;0;1;1;1;0;
anketa_10135;7;5;4;6;3;4;1;2;3;7;1;0;1;0;0;0;1;1;0;0;0;1;0;1;0;0;1;0;0;0;0;1;1;0;0;1;1;0;
anketa_10136;7;3;5;4;3;5;3;1;5;7;2;0;1;0;0;0;1;1;1;0;0;1;0;1;0;0;0;0;0;0;0;1;1;0;0;1;1;0;
anketa_10137;7;4;4;6;6;6;6;3;2;7;5;1;1;1;0;0;1;1;0;0;0;1;0;0;0;0;0;0;0;0;0;0;0;0;0;0;0;0;
anketa_10138;7;6;7;6;6;7;2;3;5;7;4;1;1;1;0;1;1;1;1;1;0;1;0;1;1;0;1;0;0;1;1;1;1;1;0;1;1;0;
anketa_10139;6;7;7;7;7;6;3;3;1;6;3;0;0;0;0;0;1;1;1;0;0;1;1;1;1;1;1;0;0;1;1;0;0;0;0;0;0;0;
anketa_10140;6;7;7;7;7;7;4;4;4;7;4;0;1;1;0;1;1;0;0;0;0;1;0;1;1;1;1;0;0;0;1;1;1;0;0;1;1;0;
anketa_10141;7;6;6;6;7;7;7;4;2;4;3;0;1;0;0;1;1;1;0;0;0;0;0;0;0;0;0;0;0;0;0;1;0;0;0;0;0;0;
anketa_10144;7;7;7;4;2;7;1;3;4;7;3;0;0;0;0;1;0;0;0;0;0;1;0;0;0;1;0;0;0;0;0;0;0;0;0;0;0;0;
anketa_10146;2;1;3;2;1;2;2;1;5;7;2;1;0;1;0;0;0;1;0;0;0;0;0;0;0;0;0;0;0;0;0;0;0;0;0;0;0;0;
anketa_10147;5;5;6;6;5;4;3;4;4;6;2;0;0;1;1;1;1;1;0;0;0;1;0;0;0;0;0;0;0;0;0;1;0;0;0;0;0;0;
anketa_10148;7;5;7;7;4;7;7;4;3;7;4;1;0;1;1;1;1;0;0;0;0;1;1;1;0;1;1;0;0;0;0;1;1;1;1;1;1;0;
anketa_10149;3;5;4;5;5;5;4;4;6;6;3;1;1;1;1;1;0;1;1;1;0;1;0;1;1;1;1;1;1;1;1;1;1;0;0;0;0;0;
anketa_10150;7;5;5;7;6;6;5;5;5;7;2;1;1;1;1;1;1;1;1;1;1;1;0;1;1;1;1;1;1;1;1;1;0;1;1;1;0;0;
anketa_10151;7;2;5;4;3;4;2;5;4;6;5;0;0;0;0;0;0;1;0;0;0;1;1;0;0;0;0;0;0;0;0;0;0;0;0;0;0;0;
anketa_10152;7;7;5;7;6;7;3;2;4;7;2;0;0;0;0;1;1;1;0;0;0;1;0;1;0;1;0;0;0;0;0;1;1;0;0;1;1;0;
anketa_10153;4;5;7;6;5;7;7;4;6;7;3;0;0;0;0;1;1;0;0;0;0;1;0;0;0;0;0;0;0;0;0;0;0;0;0;0;0;0;
anketa_10154;7;4;5;5;2;5;4;4;3;3;3;0;1;1;1;0;0;1;0;0;0;1;0;0;0;0;0;0;0;0;0;0;0;0;0;1;1;0;
anketa_10155;7;3;7;5;3;5;3;2;1;5;7;1;0;1;0;1;1;1;0;0;0;1;0;0;0;0;0;0;0;0;0;0;0;0;0;0;1;0;
anketa_10156;3;4;4;6;6;6;4;4;4;7;6;1;1;1;1;1;0;1;0;0;0;1;0;0;0;0;0;0;0;0;0;0;0;0;0;1;1;0;
anketa_10157;7;7;6;7;7;7;3;6;5;7;5;1;0;1;0;0;0;1;0;0;0;1;1;0;1;1;1;1;1;0;1;1;1;1;1;0;1;0;
anketa_10158;6;4;7;6;7;7;5;4;7;7;4;0;0;1;0;0;1;0;0;0;0;0;0;0;0;0;0;0;0;0;0;0;0;0;0;0;0;0;
anketa_10162;7;6;6;6;4;4;1;5;3;6;1;1;0;0;0;1;1;1;0;0;0;1;0;1;0;1;0;0;0;0;0;1;0;0;0;1;1;1;
anketa_10163;5;4;5;5;4;5;5;3;3;4;4;0;1;0;0;0;1;0;0;0;0;1;0;0;0;0;0;0;0;0;0;0;0;0;0;0;0;1;
anketa_10164;4;4;5;4;5;4;5;2;7;5;6;1;0;0;1;1;0;1;1;0;0;1;0;1;1;1;1;1;0;0;1;1;1;0;0;1;1;1;
anketa_10165;7;3;6;6;7;7;2;3;4;7;3;1;0;0;1;1;1;0;0;0;0;0;0;0;0;1;1;0;0;0;0;1;1;0;0;0;0;1;
anketa_10166;7;7;7;7;7;7;4;2;4;7;2;1;1;1;1;0;0;1;1;0;0;1;0;1;1;0;0;1;1;1;1;1;1;0;1;1;1;1;
anketa_10167;7;7;6;7;7;7;6;4;3;6;2;1;1;0;1;1;1;1;1;1;0;1;0;1;0;1;1;0;0;0;0;1;1;0;0;0;0;1;
anketa_10168;4;6;7;7;7;7;6;6;7;7;7;0;0;1;0;0;1;1;0;0;0;1;1;1;0;0;0;0;0;0;1;1;0;1;0;1;0;1;
anketa_10169;1;3;1;5;1;4;1;4;3;4;2;1;1;0;0;1;1;1;1;0;0;1;0;1;0;1;0;0;0;0;0;1;0;0;0;1;1;1;
anketa_10170;2;7;6;7;7;6;4;4;6;7;3;1;0;0;0;0;1;1;0;0;0;1;0;1;0;0;0;0;0;0;0;1;0;0;0;1;1;1;
anketa_10171;5;5;6;7;6;6;5;3;5;7;5;0;0;1;0;1;1;1;0;0;0;1;0;0;0;0;0;0;0;0;0;0;0;0;0;0;0;1;
anketa_10173;7;7;6;7;7;7;7;6;5;7;6;1;1;0;1;0;0;1;1;1;0;1;1;1;1;1;1;0;0;1;1;1;1;1;0;1;1;1;
anketa_10174;5;7;7;7;7;6;5;5;6;6;5;1;1;0;1;0;1;1;0;1;0;1;1;1;1;1;1;0;0;1;1;1;1;1;0;1;1;1;
anketa_10175;7;7;7;7;7;7;3;5;7;7;4;1;1;0;0;1;1;1;0;0;0;1;0;1;0;1;0;0;0;1;1;0;0;1;0;1;1;1;
anketa_10176;4;5;6;3;2;5;1;4;3;6;2;1;0;1;0;1;1;1;1;1;1;1;1;1;1;1;1;0;0;0;0;1;1;0;0;1;1;1;
anketa_10177;6;7;7;7;7;7;7;5;6;7;5;1;0;0;0;1;1;1;1;0;0;1;0;1;0;1;1;0;0;0;0;1;1;1;0;1;1;1;
anketa_10178;7;3;4;5;5;7;7;4;4;6;1;1;1;1;1;1;1;1;1;1;0;1;0;1;0;1;1;0;0;0;0;1;1;1;0;1;1;1;
anketa_10179;4;6;6;7;6;6;3;4;7;7;5;1;1;1;0;1;1;1;0;1;0;1;0;1;1;1;1;1;0;1;1;1;1;1;1;1;1;1;
anketa_10180;6;3;7;6;4;7;7;3;1;7;1;1;1;0;0;0;1;1;0;0;0;1;0;1;1;1;1;1;0;1;1;0;0;1;1;1;0;1;
anketa_10181;7;2;1;1;2;7;1;2;2;7;1;1;1;0;0;1;0;1;0;0;0;1;0;0;1;0;0;0;0;0;0;1;0;0;0;0;0;1;
anketa_10182;7;6;6;6;5;5;2;2;3;5;2;0;0;0;1;1;0;0;0;0;0;1;0;1;0;0;0;0;0;0;1;0;0;0;0;0;0;1;
anketa_10183;7;7;7;7;6;7;7;4;4;7;5;1;0;1;0;1;0;1;1;0;0;1;1;1;1;1;0;0;0;0;1;1;1;1;1;1;0;1;
anketa_10185;1;7;7;7;7;7;1;6;7;7;6;1;1;1;1;1;1;1;1;1;1;1;1;1;1;1;1;1;1;1;1;1;1;1;1;1;1;1;
anketa_10189;3;2;2;1;2;2;4;1;1;2;2;1;1;1;1;1;0;0;0;0;0;1;0;0;0;0;0;0;0;0;0;0;0;0;0;0;0;0;
anketa_10190;7;4;3;5;1;7;3;2;3;5;2;0;0;0;0;0;0;0;0;0;0;0;0;0;0;0;0;0;0;0;0;0;0;0;0;0;0;0;
anketa_10191;4;1;1;5;3;6;4;2;1;4;1;1;0;0;0;1;0;0;0;0;0;0;0;0;0;0;0;0;0;0;0;0;0;0;0;0;0;0;
anketa_10193;1;2;3;3;3;2;2;5;2;7;5;1;1;0;0;1;1;1;1;0;0;1;0;0;0;1;0;0;0;0;0;0;0;0;0;0;0;1;
anketa_10194;7;1;7;4;2;7;1;1;4;7;1;0;0;0;1;1;1;1;1;0;0;1;0;1;0;1;0;0;0;0;0;0;0;0;0;0;0;1;
anketa_10196;6;6;6;6;6;6;6;6;2;6;6;1;0;0;0;1;1;1;0;0;0;0;0;0;0;0;0;0;0;0;0;0;0;0;0;0;0;1;
anketa_10197;6;1;6;6;6;6;3;4;4;6;6;0;0;0;0;0;0;0;0;0;0;0;0;0;0;0;0;0;0;0;0;0;0;0;0;0;0;1;
anketa_10199;7;1;7;7;7;7;1;4;5;7;4;1;0;0;0;1;0;1;0;0;0;1;0;1;1;0;0;0;0;0;0;0;0;1;1;1;1;1;
anketa_10200;7;7;2;7;4;7;7;5;7;7;7;1;1;0;0;1;1;1;0;1;0;1;0;0;0;0;1;0;0;0;0;0;0;0;0;1;0;1;
anketa_10201;7;6;5;5;6;7;3;5;5;7;6;1;1;0;0;1;1;1;0;1;0;1;0;0;0;0;0;1;0;0;0;0;0;1;0;1;0;1;
anketa_10202;7;4;4;5;7;7;1;5;3;7;3;1;0;0;0;1;0;1;1;0;0;1;1;1;0;1;0;0;0;1;1;1;1;1;0;1;1;1;
anketa_10203;6;5;2;5;5;4;1;5;2;7;6;1;0;0;0;1;0;1;1;0;0;1;1;0;0;1;0;0;0;0;0;0;0;0;0;0;0;1;
anketa_10204;7;6;6;6;4;5;3;5;3;7;5;0;1;1;0;1;1;0;0;0;0;1;0;0;0;0;0;0;0;0;0;0;0;0;0;0;0;1;
anketa_10205;7;7;7;7;7;7;6;5;7;6;6;0;0;0;0;1;1;1;0;0;0;1;0;1;0;1;0;0;0;0;0;1;0;1;0;1;0;1;
anketa_10206;7;5;6;4;4;6;3;4;3;6;4;0;0;0;0;1;1;1;0;0;0;1;0;1;0;1;0;0;0;0;0;1;0;1;0;1;0;1;
anketa_10207;6;6;6;7;5;5;2;5;7;6;5;1;0;1;0;1;1;1;0;0;0;1;0;1;1;1;1;0;0;0;1;1;1;1;1;1;1;1;
anketa_10208;7;5;7;7;6;7;4;4;4;6;2;1;1;0;0;0;1;1;0;0;0;1;0;1;1;1;1;0;0;1;1;1;1;1;0;1;1;1;
anketa_10209;5;1;5;3;3;2;1;1;1;7;1;0;0;0;0;0;0;1;0;0;0;1;0;0;0;0;0;0;0;0;0;0;0;0;0;0;0;1;
anketa_10210;6;7;7;7;7;7;7;3;1;7;1;1;0;1;1;1;1;1;0;0;0;1;0;1;0;0;0;0;0;0;0;1;0;0;0;0;0;1;
anketa_10211;7;6;6;6;4;4;4;2;3;3;3;0;0;0;0;0;1;1;0;0;0;1;0;1;0;0;0;0;0;0;0;1;1;0;0;0;0;1;
anketa_10212;7;6;6;7;6;7;3;4;5;7;6;1;0;0;1;0;0;0;0;0;0;0;0;0;0;0;0;0;0;0;0;0;0;0;0;0;0;1;
anketa_10213;7;7;6;7;7;7;3;3;4;5;5;1;1;0;1;1;1;1;1;0;0;1;0;1;1;1;0;1;1;1;1;1;1;0;0;1;0;1;
anketa_10214;6;6;6;6;6;6;2;4;4;7;4;0;0;0;1;0;1;1;0;0;0;1;0;1;0;0;0;0;0;0;0;1;1;0;0;1;0;1;
anketa_10215;6;5;7;7;6;7;3;2;1;4;5;1;0;1;0;1;1;1;0;0;0;1;0;1;1;0;0;0;0;0;0;1;1;1;1;1;0;1;
anketa_10216;7;7;7;7;7;7;7;6;6;6;5;1;1;1;1;1;1;1;1;0;0;1;0;1;0;1;0;1;0;0;0;1;1;0;0;1;1;1;
anketa_10217;7;7;7;7;7;7;2;6;7;7;4;1;1;1;1;1;1;1;1;1;0;1;0;1;1;1;0;1;0;0;0;1;1;1;0;1;1;1;
anketa_10218;1;3;1;5;1;6;2;4;3;5;3;0;0;1;1;0;0;1;1;0;0;1;1;1;1;1;0;1;1;0;1;1;1;0;0;0;0;1;
anketa_10219;5;4;4;5;4;6;1;3;2;5;5;0;1;1;0;0;0;1;1;0;0;1;1;1;0;0;0;1;1;1;0;1;1;1;1;1;1;1;
anketa_10220;5;3;4;5;3;6;3;4;5;3;3;0;1;1;0;1;1;1;1;0;0;1;1;1;1;1;0;1;1;1;1;1;1;1;0;1;1;1;
anketa_10221;7;6;7;7;4;7;3;4;7;7;2;0;1;1;0;0;1;1;1;0;0;1;1;1;1;0;1;1;1;1;1;1;1;1;0;1;1;1;
anketa_10222;7;7;7;7;7;7;7;5;7;7;5;0;1;0;0;0;0;1;0;0;0;1;0;1;1;1;0;1;0;0;1;1;1;0;0;1;1;1;
anketa_10224;7;5;7;7;6;7;5;1;3;4;5;0;0;0;0;0;0;0;0;0;0;1;0;1;0;0;1;0;0;0;0;0;0;0;0;0;0;1;
anketa_10225;3;3;7;4;3;4;1;5;5;7;5;1;1;1;0;0;1;1;0;0;0;1;0;0;0;0;0;0;0;0;0;0;0;1;0;0;0;1;
anketa_10226;6;4;5;6;4;4;1;6;4;7;6;1;1;1;0;0;0;1;0;0;0;1;0;1;0;1;0;0;0;0;1;1;0;0;0;0;0;1;
anketa_10227;6;6;7;5;5;2;3;3;2;7;3;0;0;1;0;1;1;1;0;0;0;1;0;1;0;1;0;0;0;0;0;1;0;0;0;0;0;1;
anketa_10230;1;3;4;3;4;6;3;1;2;7;1;1;0;0;0;1;1;0;0;0;0;0;0;0;0;0;0;0;0;0;0;0;0;0;0;0;0;0;
anketa_10231;6;6;4;7;5;4;3;2;3;6;5;0;0;1;0;1;1;0;0;0;0;0;0;0;0;0;0;0;0;0;0;0;0;0;0;0;0;0;
anketa_10233;6;6;5;5;4;6;5;5;4;5;4;0;0;0;1;1;1;1;0;0;0;1;0;1;0;1;0;0;0;0;0;0;0;0;0;0;0;1;
anketa_10236;7;5;2;6;4;5;1;2;4;6;1;0;0;0;0;0;0;1;0;0;0;1;0;1;0;0;0;0;0;0;0;0;0;0;0;1;0;1;
anketa_10238;6;5;6;6;6;7;3;4;4;7;3;0;1;0;1;0;0;0;0;0;0;1;0;0;0;1;0;0;0;0;0;0;0;0;0;0;0;1;
anketa_10239;7;7;6;7;7;7;7;3;4;7;5;0;0;0;1;1;0;1;1;0;0;1;0;1;0;1;0;0;0;0;0;0;0;0;0;1;0;1;
anketa_10240;6;4;6;4;6;7;6;3;5;7;3;0;0;0;0;1;0;1;1;0;0;0;0;0;0;0;0;0;0;0;0;0;0;0;0;0;0;1;
anketa_10241;6;5;7;6;6;6;5;4;6;7;4;1;0;0;0;0;0;1;1;0;0;1;0;1;0;0;0;0;0;0;1;0;1;0;0;0;0;1;
anketa_10242;7;7;7;7;7;6;2;5;6;7;2;0;1;0;1;1;1;1;0;0;0;1;0;1;0;1;0;0;0;0;0;1;0;0;0;0;0;1;
anketa_10243;1;7;7;7;4;6;2;4;5;7;4;1;1;1;0;1;0;1;1;0;0;1;1;1;1;1;0;0;0;0;0;1;1;0;0;1;1;1;
anketa_10244;4;4;3;5;3;6;6;3;2;6;1;0;0;0;1;0;1;1;0;0;0;1;0;0;0;0;0;0;0;0;0;0;0;0;0;0;0;1;
anketa_10245;7;7;7;7;7;7;7;3;2;6;1;0;0;1;0;0;0;0;0;0;0;1;0;0;0;0;0;0;0;0;0;0;0;0;0;0;0;1;
anketa_10246;5;3;6;5;7;6;2;3;5;6;2;1;0;0;0;0;1;0;0;0;0;1;0;0;0;1;0;0;0;0;0;1;0;0;0;1;1;1;
anketa_10247;3;6;7;6;5;6;3;3;6;7;6;1;1;0;0;1;0;1;1;0;0;1;0;0;0;1;0;0;0;0;0;1;0;0;0;1;1;1;
anketa_10248;6;5;6;6;6;6;2;4;5;7;7;1;0;1;0;1;1;1;1;0;0;1;0;1;1;1;1;0;0;1;1;1;1;0;0;1;1;1;
anketa_10249;4;5;7;6;5;6;4;4;6;7;7;1;1;1;1;1;1;1;1;0;0;1;1;1;1;1;1;1;1;0;1;1;1;1;0;1;1;1;
anketa_10250;7;5;7;7;5;6;2;3;4;7;2;1;1;0;1;1;1;1;1;0;0;1;0;1;1;1;1;1;1;0;1;1;1;0;0;1;1;1;
anketa_10251;6;2;4;6;2;4;4;4;2;5;4;1;0;0;1;0;1;0;1;0;0;1;0;1;0;1;0;0;0;0;0;0;0;0;0;1;0;1;
anketa_10252;7;6;7;7;7;6;5;4;5;6;4;0;1;0;0;1;1;0;1;0;0;1;0;1;0;1;0;0;0;1;1;0;0;0;0;1;0;1;
anketa_10281;2;1;5;3;2;6;1;2;3;5;2;1;0;0;1;0;1;0;0;0;0;1;0;0;0;0;0;0;0;0;0;1;0;0;0;1;1;1;
anketa_10282;7;2;2;3;1;1;1;1;1;1;1;1;0;0;1;0;0;0;0;0;0;0;0;0;0;0;0;0;0;0;0;0;0;0;0;0;0;1;
anketa_10283;7;7;4;7;7;7;1;1;7;6;3;0;1;0;0;0;0;0;0;0;0;1;0;0;0;0;0;0;0;0;0;0;0;0;0;0;0;1;
anketa_10284;4;4;5;4;3;5;3;3;1;2;3;1;0;1;0;1;0;1;1;1;1;1;0;1;0;1;0;0;0;0;0;0;0;0;0;0;1;1;
anketa_10285;3;5;6;6;3;4;4;4;4;7;4;0;0;1;0;0;0;0;0;0;0;1;0;1;0;1;0;0;0;0;0;0;0;0;0;0;1;1;
anketa_10286;6;6;6;6;6;6;3;5;6;7;4;1;0;1;0;0;1;1;1;0;0;1;0;0;0;1;1;0;0;1;0;1;1;0;0;1;1;1;
anketa_10287;7;6;6;6;7;6;1;4;5;7;4;1;1;0;0;1;1;1;1;1;1;1;1;1;1;0;0;1;1;1;1;0;0;0;0;1;1;1;
anketa_10288;7;3;1;3;2;4;2;2;1;5;1;1;0;0;0;0;1;0;0;0;0;0;0;0;0;0;0;0;0;0;0;0;0;0;0;0;0;1;
anketa_10289;5;4;2;5;4;6;2;2;2;6;4;1;1;1;0;1;1;0;1;1;0;1;1;1;0;1;1;1;1;1;1;1;1;0;1;1;1;1;
anketa_10290;3;4;3;5;4;3;1;3;1;3;3;0;1;1;0;1;1;1;1;1;1;1;0;1;0;1;1;1;1;1;1;1;1;1;1;1;1;1;
anketa_10292;7;7;7;7;7;7;6;7;3;3;5;1;0;0;0;1;0;1;0;0;0;1;0;0;0;0;0;0;0;0;0;0;0;0;0;0;0;1;
anketa_10293;3;2;3;3;2;4;3;2;5;7;1;1;0;0;1;1;1;1;0;0;0;1;0;0;0;0;0;0;0;0;0;1;0;0;0;0;0;1;
anketa_10294;4;4;2;7;5;4;3;3;2;5;4;0;0;0;0;0;1;1;1;1;0;1;1;1;0;1;0;0;0;1;1;1;1;0;0;0;0;1;
anketa_10295;7;7;7;7;7;7;7;3;7;7;2;1;1;1;0;1;1;1;1;0;0;1;0;0;0;1;0;0;0;0;1;1;1;0;0;1;1;1;
anketa_10296;4;4;4;3;6;4;1;2;3;4;2;0;1;0;0;1;0;0;0;0;1;0;0;0;0;0;0;0;0;0;0;0;0;0;0;0;0;0;
anketa_10297;7;4;6;5;6;7;1;1;1;7;1;0;0;0;0;0;0;0;0;0;0;0;0;0;0;0;0;0;0;0;0;0;0;0;0;0;0;1;
anketa_10298;7;3;6;4;4;5;1;1;1;6;5;0;0;0;0;0;0;0;0;0;0;0;0;0;0;0;0;0;0;0;0;0;0;0;0;0;0;1;
anketa_10300;7;3;7;4;7;7;1;2;1;4;1;0;0;0;0;0;1;0;0;0;0;1;0;0;0;0;0;0;0;0;0;0;0;0;0;0;0;1;
anketa_10301;7;1;7;4;1;1;1;1;1;4;1;0;0;0;0;1;1;0;0;0;0;1;0;0;0;0;0;0;0;0;0;0;0;0;0;0;0;1;
anketa_10302;1;2;1;4;4;6;1;1;1;6;1;1;1;1;0;1;0;1;0;0;0;1;0;0;0;1;0;0;0;0;0;0;0;0;0;0;0;1;
anketa_10303;4;5;3;7;7;7;1;2;4;7;3;0;0;0;0;1;1;1;1;0;0;1;1;1;0;1;0;0;0;0;0;0;0;0;0;0;0;1;
anketa_10304;5;4;2;2;2;4;3;1;2;3;1;1;0;0;0;0;1;1;0;0;0;0;0;0;0;0;0;0;0;0;0;0;0;0;0;0;0;1;
anketa_10305;5;4;6;6;5;5;4;4;4;7;3;1;1;1;0;1;1;1;1;0;0;1;0;1;0;1;0;1;1;0;0;1;1;0;0;0;0;1;
anketa_10306;7;5;6;7;6;7;6;4;5;7;7;1;1;1;1;1;0;0;0;0;0;1;0;0;0;0;0;0;1;0;0;1;1;0;0;0;0;1;
anketa_10307;7;4;2;2;2;1;3;3;1;6;1;1;1;0;0;1;0;0;0;0;0;1;0;0;0;0;0;0;0;0;0;0;0;0;0;0;0;1;
anketa_10309;3;6;6;6;5;6;4;3;7;7;2;1;0;1;0;1;1;0;1;0;0;1;0;1;1;0;0;0;0;0;0;0;0;0;0;1;1;1;
anketa_10310;5;4;3;4;5;5;5;1;7;6;3;0;0;0;0;0;1;0;0;0;0;0;0;0;0;0;0;0;0;0;0;0;0;0;0;0;0;1;
anketa_10311;7;7;7;7;7;7;1;4;7;7;4;0;0;1;1;1;0;0;0;0;0;1;0;0;0;0;0;0;0;0;0;0;0;0;0;0;0;1;
anketa_10314;3;5;7;7;5;7;7;4;3;7;4;1;0;0;0;1;1;1;1;0;0;1;1;0;0;0;0;0;0;0;1;1;1;0;0;1;1;1;
anketa_10315;1;5;3;6;6;6;1;3;3;5;1;0;0;0;0;1;1;1;1;0;0;1;0;0;0;1;0;0;0;0;0;0;0;0;0;0;0;1;
anketa_10316;6;4;5;4;3;4;5;3;5;4;5;1;1;1;0;1;0;1;1;0;0;1;1;1;0;0;0;0;0;0;0;1;1;0;0;0;1;1;
anketa_10317;3;1;1;1;1;1;1;1;3;2;2;0;0;0;0;0;1;0;0;0;0;0;0;0;0;0;0;0;0;0;0;0;0;0;0;0;0;0;
anketa_10318;1;1;1;1;1;1;1;1;3;1;1;1;1;0;0;0;1;0;0;0;0;0;0;0;0;0;0;0;0;0;0;0;0;0;0;0;0;0;
anketa_10319;4;4;4;4;4;4;4;5;7;7;5;1;1;1;0;0;0;1;1;0;0;1;0;0;0;0;0;0;0;0;0;0;0;0;0;0;0;1;
anketa_10320;7;7;7;7;7;7;7;4;6;7;4;1;0;1;0;0;1;0;0;0;0;0;0;0;0;0;0;0;0;0;0;0;0;0;0;0;0;1;
anketa_10321;1;2;3;4;3;3;3;1;1;2;1;0;1;1;0;1;1;1;1;0;0;0;0;0;0;0;0;0;0;0;0;0;0;0;0;0;0;1;
anketa_10322;6;3;2;3;1;2;1;2;5;3;2;0;0;1;0;0;1;0;0;0;0;0;0;0;0;0;0;0;0;0;0;0;0;0;0;0;0;0;
anketa_10323;5;4;3;6;4;5;3;2;5;7;3;1;1;1;0;1;0;1;1;1;0;1;1;0;0;0;0;0;0;1;0;1;0;0;0;0;0;1;
anketa_10324;2;4;4;4;2;5;1;2;1;3;4;1;1;0;1;1;0;1;1;0;0;0;0;0;0;0;0;0;0;1;0;1;0;0;0;0;0;1;
anketa_10325;1;7;7;7;4;5;7;4;7;6;3;1;0;0;0;1;1;1;1;0;0;1;0;1;0;1;1;0;0;0;0;0;0;0;0;0;0;1;
anketa_10326;6;5;5;6;6;5;2;3;1;7;3;1;0;0;0;1;1;1;1;0;0;1;0;1;0;0;1;0;0;0;0;0;0;0;0;1;1;1;
anketa_10327;7;7;5;7;6;6;2;4;2;7;4;0;0;1;0;1;1;1;1;0;0;0;0;0;0;1;0;0;0;0;1;0;0;0;0;0;1;1;
anketa_10328;7;7;5;7;5;7;3;4;1;5;3;1;0;0;1;0;0;1;1;1;0;1;0;1;0;1;1;0;0;0;0;0;0;1;1;0;1;1;
anketa_10329;7;7;7;7;7;7;2;4;6;7;4;1;0;0;0;1;1;1;1;0;0;1;1;1;0;1;0;1;0;1;1;0;0;1;1;1;1;1;
anketa_10330;6;6;6;6;6;7;7;5;3;7;2;1;0;0;1;1;1;1;1;0;0;1;0;1;0;0;0;0;0;1;1;0;0;1;0;1;1;1;
anketa_10331;7;7;7;7;6;7;2;2;3;7;1;0;0;0;1;0;0;0;0;0;0;0;0;0;0;0;0;0;0;0;0;0;0;0;0;0;0;1;
anketa_10333;1;7;7;7;7;7;2;2;1;7;1;0;1;0;0;1;1;0;0;0;0;0;0;0;0;0;0;0;0;0;0;1;0;0;0;0;0;1;
anketa_10335;7;7;7;3;7;7;7;3;1;6;2;1;0;0;0;0;0;0;0;0;0;1;0;0;0;0;0;0;0;0;0;0;0;0;0;0;0;0;
anketa_10336;5;1;1;1;1;1;1;1;1;1;1;1;1;0;1;1;1;1;0;0;0;1;0;1;1;1;0;1;0;1;0;0;0;0;0;1;1;0;
anketa_10337;5;2;2;1;1;2;1;3;1;3;2;0;0;0;0;0;0;0;0;0;0;0;0;0;0;0;0;0;0;0;0;0;0;0;0;0;0;0;
anketa_10338;3;2;2;2;2;3;2;2;1;3;1;1;0;1;0;1;1;1;0;0;0;0;0;0;0;0;0;0;0;0;0;0;0;0;0;0;0;0;
anketa_10339;6;5;3;3;3;5;1;1;1;3;3;0;0;0;0;1;0;0;0;0;0;0;0;0;0;0;0;0;0;0;0;0;0;0;0;0;0;0;
anketa_10340;4;3;3;3;2;3;2;3;4;4;2;0;0;0;0;1;1;0;0;0;0;0;0;0;0;0;0;0;0;0;0;0;0;0;0;0;0;0;
anketa_10341;4;1;3;1;1;1;1;1;1;2;1;0;0;0;0;0;0;0;0;0;0;0;0;0;0;0;0;0;0;0;0;0;0;0;0;0;0;0;
anketa_10342;7;3;1;6;4;4;4;3;6;7;1;0;0;1;0;1;1;1;1;0;0;1;0;1;0;1;0;0;0;0;0;1;1;0;0;0;0;0;
anketa_10343;5;7;5;7;6;7;3;3;5;7;1;1;1;1;0;0;1;0;0;0;0;1;0;0;0;1;0;0;0;0;0;0;0;0;0;0;0;0;
anketa_10344;5;7;2;6;6;7;1;1;7;7;1;1;0;0;0;1;0;0;0;1;0;1;0;1;0;1;0;0;0;0;0;0;0;0;0;1;0;0;
anketa_10345;7;4;2;4;3;5;3;1;7;4;1;1;0;0;0;0;0;0;0;1;0;1;0;1;0;1;0;0;0;1;0;0;0;0;0;1;0;0;
anketa_10346;6;5;5;7;3;5;2;1;3;7;1;1;1;0;0;1;0;1;1;0;0;1;1;0;0;1;1;0;0;0;0;0;0;0;0;0;0;0;
anketa_10347;3;2;1;6;1;3;1;1;1;7;1;1;0;1;0;0;1;0;0;0;0;1;0;0;0;0;0;0;0;0;0;0;0;0;0;0;0;0;
anketa_10348;7;7;5;4;3;3;7;4;3;6;2;1;0;0;0;1;1;1;1;0;0;1;1;0;0;1;0;0;0;0;0;1;1;0;0;0;0;0;
anketa_10349;2;1;4;4;1;3;2;3;3;7;3;1;0;0;0;1;1;0;0;0;0;0;0;0;0;0;0;0;0;0;0;0;0;0;0;0;0;0;
anketa_10350;3;3;5;5;3;4;4;4;6;4;6;1;0;0;0;1;0;0;0;0;0;1;0;0;0;1;0;0;0;0;0;1;0;0;0;0;0;0;
anketa_10351;3;6;6;7;6;6;3;4;3;7;7;1;0;0;0;1;1;0;0;0;0;1;0;0;0;0;0;0;0;0;0;0;0;0;0;0;0;0;
anketa_10352;5;5;4;7;6;6;1;3;4;7;4;1;0;1;0;1;0;0;0;0;0;1;0;1;1;0;0;0;0;0;0;0;0;0;0;1;0;0;
anketa_10355;2;6;5;5;5;5;2;4;4;7;2;1;0;1;0;1;0;0;0;0;0;1;0;0;0;0;0;0;0;0;0;0;0;0;0;0;0;0;
anketa_10356;5;7;7;7;7;7;5;3;5;7;3;1;0;0;0;1;1;1;1;1;0;1;1;1;1;1;1;0;0;0;0;0;0;0;0;1;1;0;
anketa_10357;7;1;7;7;1;1;4;1;1;1;1;1;0;0;0;0;0;0;0;0;0;1;0;0;0;0;0;0;0;0;0;0;0;0;0;0;0;0;
anketa_10358;2;3;2;4;3;5;3;2;4;6;4;0;0;0;0;0;1;0;0;0;0;1;1;0;0;0;0;0;0;0;0;0;0;0;0;0;0;0;
anketa_10359;1;7;7;7;7;6;7;4;5;7;4;1;1;0;0;1;1;1;0;0;0;1;0;1;0;1;0;0;0;0;0;0;0;0;0;0;0;0;
anketa_10360;1;3;4;2;1;3;2;4;5;7;4;1;1;0;0;1;0;1;0;0;0;1;0;0;0;0;0;0;0;0;0;0;0;0;0;0;0;0;
anketa_10363;1;1;1;1;1;1;1;1;1;1;1;1;0;1;0;0;0;0;0;0;0;0;0;0;0;0;0;0;0;0;0;0;0;0;0;0;0;0;
anketa_10364;7;7;7;7;7;7;7;6;6;6;5;1;0;1;0;0;1;0;0;0;0;1;0;0;0;0;0;0;0;0;0;0;0;0;0;0;0;0;
anketa_10366;1;1;3;1;1;2;1;2;1;2;2;1;1;0;0;0;0;1;1;0;0;1;0;1;0;0;0;0;0;0;0;0;0;0;0;0;0;0;
anketa_10368;7;5;1;6;1;7;1;3;5;2;2;1;1;0;0;1;1;1;1;0;0;1;0;1;0;1;0;0;0;0;0;0;0;0;0;0;0;0;
anketa_10371;1;6;5;7;5;4;5;2;4;3;6;0;0;0;0;0;0;0;1;0;0;0;0;0;0;0;0;0;0;0;0;0;0;0;0;0;0;0;
anketa_10372;6;6;5;6;4;5;4;3;3;5;3;1;0;0;0;0;0;1;1;0;0;1;1;0;0;0;0;0;0;0;0;0;0;0;0;0;0;0;
anketa_10374;5;3;3;5;1;3;4;1;1;3;1;0;0;1;0;1;1;0;0;0;0;0;0;0;0;0;0;0;0;0;0;0;0;0;0;0;0;0;
anketa_10375;6;7;7;4;3;6;1;1;2;6;1;1;1;0;0;1;0;1;0;0;0;1;1;1;0;1;0;0;0;0;0;0;0;0;0;0;0;0;
anketa_10377;2;1;4;2;2;1;1;2;3;1;1;1;1;0;0;1;0;0;0;0;0;1;0;0;0;0;0;0;0;0;0;0;0;0;0;0;0;0;
anketa_10378;3;2;2;1;1;4;3;3;2;3;4;0;0;0;0;1;0;0;0;0;0;0;0;0;0;0;0;0;0;0;0;0;0;0;0;0;0;0;
anketa_10379;3;6;7;3;5;6;3;6;4;1;4;1;0;0;0;0;0;1;0;0;0;0;0;0;0;0;0;0;0;0;0;0;0;0;0;0;0;0;
anketa_10380;1;5;1;1;1;1;6;1;1;1;1;1;0;1;0;0;0;1;0;0;0;1;0;0;0;0;0;0;0;0;0;0;0;0;0;0;0;0;
anketa_10381;7;2;7;7;7;4;1;1;1;7;1;0;1;1;0;1;0;0;0;0;0;1;0;0;0;0;0;0;0;0;0;0;0;0;0;0;0;0;
anketa_10382;7;6;4;3;2;5;4;1;1;6;1;0;0;1;0;1;0;0;0;0;0;0;0;0;0;0;0;0;0;0;0;0;0;0;0;0;0;0;
anketa_10383;3;2;3;3;4;2;4;2;4;4;2;1;1;0;0;1;0;0;0;0;0;0;0;0;0;0;0;0;0;0;0;0;0;0;0;0;0;0;
anketa_10384;5;4;2;2;2;4;4;3;1;4;1;1;1;0;0;0;1;0;0;0;0;1;0;0;0;0;0;0;0;0;0;1;0;0;0;0;0;0;
anketa_10385;7;4;3;3;3;4;3;2;2;2;2;1;0;0;0;0;1;0;0;0;0;1;0;0;0;0;0;0;0;0;0;0;0;0;0;0;0;0;
anketa_10386;7;4;5;4;1;3;1;4;1;2;4;1;0;0;0;1;0;0;0;0;0;0;0;0;0;0;0;0;0;0;0;0;0;0;0;0;0;0;
anketa_10388;3;3;5;2;1;1;2;2;2;3;3;1;0;1;0;1;0;0;0;0;0;1;0;0;0;0;0;0;0;0;0;0;0;0;0;0;0;0;
anketa_10389;4;4;3;3;3;4;3;2;4;4;2;1;0;0;0;0;0;0;0;0;0;0;0;0;0;0;0;0;0;0;0;0;0;0;0;0;0;0;
anketa_10390;7;2;5;1;2;3;1;1;1;7;1;0;0;0;0;1;0;0;0;0;0;0;0;0;0;0;0;0;0;0;0;0;0;0;0;0;0;0;
anketa_10391;7;4;3;5;5;7;4;2;1;7;2;0;0;1;0;0;1;0;0;0;0;0;0;0;0;0;0;0;0;0;0;0;0;0;0;0;0;0;
anketa_10392;5;2;4;2;2;3;3;4;4;4;4;1;0;0;0;0;0;0;0;0;0;1;0;0;0;0;0;0;0;0;0;0;0;0;0;0;0;0;
anketa_10394;7;6;4;7;4;6;5;2;7;7;3;1;0;0;0;0;0;0;0;0;0;1;0;0;0;0;0;0;0;0;0;0;0;0;0;0;0;0;
anketa_10395;5;4;3;3;4;2;2;2;3;3;3;1;0;0;1;1;0;0;0;0;0;1;0;0;0;0;0;0;0;0;0;0;0;0;0;0;0;0;
anketa_10396;2;4;5;5;3;6;5;2;4;7;3;0;0;0;0;1;1;0;0;0;0;1;0;0;0;0;0;0;0;0;0;0;0;0;0;0;0;0;
anketa_10397;7;6;4;5;5;7;5;3;4;7;3;1;0;0;1;0;0;0;0;0;0;1;0;0;0;0;0;0;0;0;0;0;0;0;0;0;0;0;
anketa_10398;7;4;7;7;4;5;1;1;1;7;1;0;0;0;1;1;0;0;0;0;0;1;0;0;0;0;0;0;0;0;0;0;0;0;0;0;0;0;
anketa_10399;2;4;3;4;4;2;1;1;1;1;1;0;0;0;0;1;0;0;0;0;0;0;0;0;0;0;0;0;0;0;0;0;0;0;0;0;0;0;
anketa_10401;4;5;5;6;5;5;4;2;4;6;4;0;0;1;0;1;0;0;0;0;0;1;0;1;0;0;0;0;0;0;0;1;0;0;0;0;0;0;
anketa_10402;5;4;4;3;1;3;4;2;1;1;1;0;0;0;0;1;1;0;0;0;0;0;0;0;0;0;0;0;0;0;0;0;0;0;0;0;0;0;
anketa_10403;7;7;7;7;7;7;7;4;4;7;7;1;0;1;0;0;1;0;0;0;0;1;0;0;0;0;0;0;0;0;0;1;0;0;0;1;1;0;
anketa_10405;6;3;1;5;2;6;1;1;1;7;2;0;0;0;0;0;0;0;0;0;0;1;0;0;0;0;0;0;0;0;0;0;0;0;0;0;0;0;
anketa_10406;6;7;5;7;7;7;6;5;6;7;5;0;1;0;0;1;1;1;1;0;0;1;0;0;0;1;0;0;0;0;0;0;0;0;0;0;0;0;
anketa_10407;1;7;5;7;7;7;7;2;6;7;2;0;1;0;1;0;1;0;0;0;0;1;0;0;1;0;0;0;0;0;0;0;0;0;0;0;0;0;
anketa_10408;1;1;2;1;1;1;7;2;3;3;1;1;0;0;0;0;0;0;0;0;0;1;0;0;0;0;0;0;0;0;0;0;1;0;0;0;0;0;
anketa_10409;1;5;4;1;1;2;1;3;5;7;2;0;0;1;1;0;1;0;0;0;0;0;0;0;0;0;0;0;0;0;0;0;0;0;0;0;0;0;
anketa_10411;1;1;1;1;3;1;1;1;1;1;1;0;0;1;0;1;1;0;0;0;0;0;0;0;0;0;0;0;0;0;0;0;0;0;0;0;0;0;
anketa_10412;3;2;2;2;2;2;1;1;1;1;1;1;0;1;0;0;1;0;0;0;0;1;0;0;0;0;0;0;0;0;0;0;0;0;0;0;0;0;
anketa_10413;4;7;4;7;3;7;4;2;5;5;1;0;0;0;0;1;0;1;1;0;0;1;0;0;0;0;0;0;0;0;0;0;0;0;0;0;0;0;
anketa_10414;6;6;6;6;6;6;6;4;4;4;4;1;0;1;0;1;1;0;0;0;0;1;0;0;0;0;0;0;0;0;0;0;0;0;0;0;0;0;
anketa_10415;7;1;2;1;1;3;3;2;1;5;1;0;0;0;0;1;1;0;0;0;0;1;0;0;0;0;0;0;0;0;0;0;0;0;0;0;0;0;
anketa_10416;5;2;2;3;2;4;2;3;2;2;3;1;0;0;0;1;1;0;0;0;0;1;0;0;0;0;0;0;0;0;0;0;0;0;0;0;0;0;
anketa_10417;7;1;1;3;1;7;2;1;1;1;1;1;0;0;0;0;1;0;0;0;0;1;0;0;0;0;0;0;0;0;0;0;0;0;0;0;0;0;
anketa_10418;6;6;6;6;5;6;4;3;5;5;6;0;0;0;0;1;0;1;0;0;0;1;0;0;0;0;0;0;0;0;0;0;0;0;0;0;0;0;
anketa_10419;6;6;7;7;7;7;6;1;1;7;1;1;0;0;0;1;1;0;0;0;0;0;0;0;0;0;0;0;0;0;0;0;0;0;0;0;0;0;
anketa_10420;4;6;6;7;6;7;6;4;5;6;5;1;0;0;0;1;0;1;0;0;0;1;0;0;0;0;0;0;0;0;0;0;0;0;0;0;0;0;
anketa_10421;7;7;7;5;3;1;1;2;4;2;1;0;0;1;0;1;0;1;1;0;0;1;0;0;0;0;0;0;0;0;0;0;0;0;0;0;0;0;
anketa_10422;7;1;2;1;1;2;1;1;1;3;1;0;0;0;1;0;0;1;1;0;0;0;0;0;0;0;0;0;0;0;0;0;0;0;0;0;0;0;
anketa_10423;4;4;4;3;2;1;3;3;5;4;6;0;0;0;0;1;0;0;0;0;0;0;0;0;0;0;0;0;0;0;0;0;0;0;0;0;0;0;
anketa_10424;7;2;4;5;4;6;3;4;2;3;4;1;0;0;0;0;0;1;1;0;0;1;0;1;1;0;0;0;0;0;0;0;0;0;0;0;0;0;
anketa_10425;7;1;1;1;1;1;2;1;2;7;1;1;0;1;1;0;0;1;1;0;0;1;0;0;0;0;0;0;0;0;0;0;0;0;0;0;0;0;
anketa_10426;2;7;4;7;6;7;5;1;3;4;2;1;0;0;0;0;1;0;0;0;0;1;0;0;0;0;0;0;0;0;0;0;0;0;0;0;0;0;
anketa_10427;7;3;7;3;2;1;1;2;3;4;1;1;0;0;0;0;0;0;0;0;0;0;0;0;0;0;0;0;0;0;0;0;0;0;0;0;0;0;
anketa_10428;1;3;2;2;3;5;5;2;3;5;1;1;1;0;0;1;0;0;0;0;0;1;0;0;0;1;0;0;0;0;0;1;0;0;0;0;0;0;
anketa_10429;3;4;2;3;3;4;3;1;3;5;5;0;0;0;0;0;1;0;0;0;0;1;0;0;0;0;0;0;0;0;0;0;0;0;0;0;0;0;
anketa_10430;2;2;2;2;2;2;3;2;1;4;5;0;1;0;1;0;1;0;0;0;0;0;0;0;0;0;0;0;0;0;0;0;0;0;0;0;0;0;
anketa_10431;1;1;4;5;3;5;2;7;3;4;5;0;0;0;0;1;1;0;0;0;0;0;0;0;0;0;0;0;0;0;0;0;0;0;0;0;0;0;
anketa_10432;7;6;4;3;2;3;3;1;2;2;3;1;0;0;0;1;0;1;0;0;0;1;0;0;0;0;0;0;0;0;0;0;0;0;0;0;0;0;
anketa_10433;6;5;5;6;4;5;4;6;5;6;4;0;0;1;0;0;0;0;0;0;0;0;0;0;0;0;0;0;0;0;0;0;0;0;0;0;0;0;
anketa_10434;3;7;7;7;6;6;5;3;7;6;5;0;0;0;0;0;0;0;0;0;0;0;0;0;0;0;0;0;0;0;0;0;0;0;0;0;0;0;
anketa_10435;4;2;2;1;1;2;1;1;1;2;1;0;0;0;0;0;0;0;0;0;0;0;0;0;0;0;0;0;0;0;0;0;0;0;0;0;0;0;
anketa_10436;2;1;5;1;1;1;3;1;1;3;1;0;0;1;0;0;1;0;0;0;0;0;0;0;0;0;0;0;0;0;0;0;0;0;0;0;0;0;
anketa_20008;6;7;7;7;7;7;2;3;1;7;4;1;0;1;0;0;1;1;1;0;0;0;0;1;1;1;0;0;0;1;1;1;1;0;0;1;1;0;
anketa_20009;5;7;5;7;6;7;3;6;7;7;6;1;0;1;0;1;0;1;1;1;0;1;0;1;1;1;1;0;0;0;1;1;1;0;0;1;1;0;
anketa_20010;6;4;7;4;5;6;4;1;1;7;2;1;0;1;0;1;1;1;1;0;0;1;1;0;0;0;0;0;0;0;0;1;1;0;0;0;0;0;
anketa_20011;3;2;4;5;3;5;2;3;1;6;1;1;1;0;0;0;1;1;0;0;0;1;0;1;0;1;0;0;0;0;0;0;0;0;0;0;0;0;
anketa_20012;7;6;2;7;7;7;4;2;5;7;2;1;1;0;0;0;1;1;1;1;0;1;0;1;0;1;1;1;0;0;0;1;1;0;0;0;0;0;
anketa_20013;7;7;7;7;7;7;7;3;7;7;3;1;1;1;0;1;0;1;1;1;0;1;1;1;1;1;1;0;0;0;0;0;0;0;0;1;0;0;
anketa_20014;5;6;7;6;6;7;6;5;4;6;4;1;1;1;1;1;0;1;1;1;1;1;1;1;1;1;1;1;1;1;1;0;0;0;0;1;0;0;
anketa_20015;7;6;6;5;4;5;1;4;3;6;2;0;0;0;0;0;1;1;0;0;0;0;0;0;0;0;0;0;0;0;0;0;0;0;0;1;0;0;
anketa_20016;5;5;4;6;7;7;4;4;3;7;3;1;0;1;0;1;1;1;0;0;0;1;0;1;0;0;0;0;0;0;0;1;1;0;0;0;0;0;
anketa_20017;3;7;4;7;1;7;2;4;7;7;4;1;1;0;0;1;1;1;1;1;0;1;0;1;0;1;0;0;0;1;1;0;0;0;0;1;1;0;
anketa_20018;7;6;4;7;7;7;6;6;4;7;6;1;1;0;1;0;1;1;1;1;1;0;1;1;1;1;1;0;0;0;0;0;0;0;0;0;0;0;
anketa_20019;7;7;7;7;5;5;6;6;4;7;6;1;1;0;1;1;0;1;1;0;0;1;1;1;0;0;0;1;1;0;1;1;1;0;0;1;0;0;
anketa_20020;7;7;7;7;7;7;1;6;7;7;7;1;0;1;0;1;1;1;0;0;0;1;0;1;0;0;0;0;0;0;1;1;1;1;0;0;0;0;
anketa_20021;3;7;7;5;7;7;2;3;6;7;4;1;1;0;0;0;0;1;0;0;0;1;1;1;1;1;1;0;0;0;0;1;0;0;0;0;0;0;
anketa_20022;6;7;7;7;6;7;7;5;7;7;5;0;0;0;0;0;0;1;1;0;0;1;1;1;1;1;1;1;0;0;1;1;1;0;0;1;0;0;
anketa_20023;7;6;7;7;6;7;7;5;4;7;4;1;1;1;0;1;1;1;1;0;0;1;0;1;0;1;0;0;0;1;1;1;1;1;0;1;1;0;
anketa_20025;3;7;5;7;7;7;2;5;7;7;4;0;0;0;0;0;0;1;1;0;0;1;1;1;0;1;0;0;0;0;0;0;0;0;0;0;0;0;
anketa_20026;4;5;7;6;6;6;4;4;1;6;2;1;1;0;0;0;0;1;1;0;0;1;0;1;0;1;0;0;0;0;0;1;1;0;0;1;1;0;
anketa_20027;7;2;6;2;1;6;1;1;1;7;1;1;1;0;0;1;1;1;0;0;0;1;0;1;0;1;0;0;0;0;0;1;1;0;0;0;0;0;
anketa_20028;5;2;5;4;3;3;4;5;4;6;2;1;0;1;0;1;1;0;0;0;0;1;0;0;0;0;0;0;0;0;0;0;0;0;0;0;0;0;
anketa_20029;3;6;6;7;5;6;4;5;5;6;6;1;0;1;0;1;1;1;1;1;1;1;1;1;1;1;1;1;1;1;1;1;1;0;0;0;1;0;
anketa_20030;7;7;6;7;7;7;6;5;7;7;5;1;1;1;0;1;1;1;1;1;1;1;1;1;1;1;0;1;1;1;1;1;1;0;0;1;1;0;
anketa_20031;7;6;7;7;7;7;7;4;5;7;5;1;1;0;0;1;1;1;1;0;0;1;0;1;1;1;1;1;1;1;1;1;1;0;0;1;1;0;
anketa_20033;7;2;6;5;5;6;2;2;5;7;2;0;0;0;0;1;1;0;0;0;0;1;0;0;0;0;0;0;0;0;0;0;0;0;0;0;0;0;
anketa_20034;5;6;7;7;6;7;1;4;3;7;4;1;1;0;1;0;0;0;0;0;0;1;0;0;0;0;0;0;0;0;0;0;0;0;0;0;0;0;
anketa_20035;7;7;6;7;4;4;3;3;3;7;2;1;1;0;0;1;1;0;0;0;0;1;0;0;0;1;1;0;0;0;0;0;0;0;0;0;0;0;
anketa_20036;1;1;7;7;6;5;3;2;7;7;1;0;1;0;0;1;0;0;1;0;0;1;0;0;0;0;0;0;0;0;0;0;0;0;0;0;0;0;
anketa_20037;4;7;7;6;5;7;1;4;7;7;7;1;1;1;1;1;1;1;1;1;0;1;0;1;0;1;1;1;1;1;1;1;1;0;0;0;0;0;
anketa_20038;4;2;3;7;3;4;1;3;2;6;1;0;1;0;0;0;0;0;0;0;0;1;0;0;0;0;0;0;0;0;0;0;0;0;0;0;0;0;
anketa_20039;1;6;6;7;6;7;4;4;5;7;4;1;1;0;1;1;0;1;0;1;0;1;0;1;0;1;0;0;0;0;0;1;0;0;0;1;0;0;
anketa_20043;7;7;4;7;7;7;4;5;7;6;5;1;1;1;1;1;1;1;1;1;0;1;0;1;1;1;1;1;1;1;1;1;1;0;0;1;0;0;
anketa_20044;6;4;5;4;4;4;1;1;4;7;4;0;0;0;0;1;1;1;0;0;0;1;0;1;0;0;0;0;0;0;0;1;1;0;0;0;1;0;
anketa_20046;7;7;7;7;7;7;5;6;5;7;6;1;0;0;0;1;1;1;0;0;0;1;0;1;1;1;0;0;0;1;1;1;1;0;0;1;1;0;
anketa_20047;2;4;2;7;6;6;4;4;3;5;2;0;1;1;0;0;1;1;1;0;0;1;0;1;1;1;0;0;0;1;1;1;1;0;0;1;0;0;
anketa_20048;7;7;7;7;7;7;4;5;6;7;7;0;1;1;1;0;1;1;1;0;0;1;0;1;1;1;0;0;0;0;1;1;1;0;0;1;0;0;
anketa_20049;5;4;6;7;7;7;7;6;6;7;5;1;1;1;1;1;1;1;1;1;0;1;1;1;1;1;1;1;1;1;1;0;0;0;0;1;1;0;
anketa_20050;7;4;7;5;7;6;7;6;7;7;6;1;1;1;1;1;1;0;0;0;0;1;0;1;0;1;0;0;0;0;0;0;0;0;0;0;0;0;
anketa_20051;6;7;4;7;4;7;4;5;7;7;2;1;0;1;0;1;1;0;0;1;0;1;0;1;1;1;1;0;1;0;0;1;1;0;0;0;1;0;
anketa_20052;7;5;7;5;3;5;2;3;2;7;1;0;0;0;0;0;0;1;0;0;0;1;0;1;0;0;0;0;0;0;0;0;0;0;0;0;0;0;
anketa_20053;1;5;5;5;5;7;3;4;4;7;3;1;0;0;0;0;1;1;1;0;0;1;0;1;1;0;0;0;0;0;1;1;1;0;0;0;0;0;
anketa_20054;4;6;7;7;7;6;2;5;4;7;6;1;0;0;1;0;1;1;1;0;0;1;0;1;1;0;1;0;0;0;1;1;1;1;0;1;1;0;
anketa_20055;7;7;7;7;7;7;7;7;6;7;6;1;0;1;0;1;1;1;1;0;0;1;0;1;1;1;0;0;0;1;1;1;1;1;0;1;1;0;
anketa_20056;7;7;7;7;7;6;7;5;5;7;6;1;1;0;0;1;1;1;0;0;0;1;0;1;0;0;0;0;1;1;1;1;0;0;0;0;0;0;
anketa_20057;1;7;2;7;7;7;1;7;7;7;7;0;0;0;1;0;1;1;0;0;0;1;0;1;0;0;0;0;1;1;0;1;0;0;0;0;0;0;
anketa_20058;7;7;7;7;7;7;1;6;6;7;7;0;0;1;0;0;0;1;0;0;0;1;1;1;0;0;1;0;1;1;0;1;1;0;0;0;1;0;
anketa_20059;7;3;7;4;4;3;1;3;2;6;3;0;0;0;0;0;1;1;0;0;0;1;0;0;0;1;0;0;0;0;1;0;0;1;0;0;0;0;
anketa_20060;1;3;4;2;1;4;1;4;4;7;4;0;0;0;0;0;0;0;0;0;0;0;0;0;0;0;0;0;0;0;0;0;0;0;0;0;0;0;
anketa_20061;5;3;6;4;4;4;2;2;1;6;7;1;0;0;0;0;1;1;0;0;0;1;0;0;0;0;0;0;0;0;0;0;0;0;0;0;0;0;
anketa_20062;1;2;6;5;5;5;7;4;1;7;7;1;0;0;1;1;1;1;1;0;0;1;0;0;0;0;0;0;0;0;0;1;0;0;0;0;0;0;
anketa_20063;6;5;4;4;5;6;6;4;3;7;2;1;0;0;0;1;1;0;1;0;0;1;0;1;0;0;0;0;0;0;0;1;0;0;0;1;0;0;
anketa_20064;4;4;2;6;7;7;5;5;7;7;3;1;1;0;0;1;0;1;1;1;0;1;1;1;0;1;1;1;0;0;0;1;0;1;0;1;1;0;
anketa_20065;6;7;7;7;7;7;2;5;6;7;5;1;0;1;0;0;0;1;0;0;0;1;0;0;0;0;0;0;0;0;0;0;0;0;0;1;1;0;
anketa_20066;7;5;6;6;5;5;4;3;1;7;3;0;0;0;1;0;1;1;0;0;0;1;0;0;0;0;0;0;0;0;0;1;0;0;0;1;0;0;
anketa_20067;6;7;7;7;6;6;5;6;5;7;7;1;1;1;1;1;0;1;1;1;0;1;1;1;1;1;1;1;0;1;1;1;1;1;1;1;1;0;
anketa_20068;4;7;5;7;5;5;6;7;6;7;3;1;0;1;0;1;1;1;1;1;0;1;1;1;0;1;0;1;0;1;1;1;1;1;0;1;1;0;
anketa_20069;4;3;4;5;4;2;6;4;6;3;7;1;1;0;0;1;1;1;1;1;0;1;0;1;0;0;0;1;0;1;0;1;1;1;0;1;0;0;
anketa_20070;1;5;7;7;5;7;3;6;4;7;3;1;0;1;0;0;1;1;0;0;0;1;0;0;0;1;0;0;0;0;0;1;0;0;0;0;0;0;
anketa_20071;7;7;7;7;7;6;2;5;4;7;4;1;0;0;0;1;1;1;0;0;0;1;0;0;0;1;1;0;0;0;0;1;0;0;0;0;0;0;
anketa_20072;7;1;4;4;1;1;7;7;4;7;1;1;0;1;0;1;1;0;0;0;0;0;1;0;0;0;0;0;0;0;0;0;0;1;0;1;0;0;
anketa_20073;3;4;5;6;6;6;5;4;6;5;4;1;0;0;0;1;1;0;0;0;0;1;0;0;0;0;0;0;0;0;0;1;0;0;0;0;0;0;
anketa_20074;3;4;3;6;4;6;6;4;3;7;4;0;0;1;0;1;1;1;1;0;1;1;1;1;1;1;1;1;1;1;1;1;1;1;1;1;1;0;
anketa_20075;6;4;7;6;5;6;2;6;5;7;6;1;1;0;1;1;1;1;1;0;0;1;1;1;1;1;0;1;1;1;1;1;1;1;1;1;1;0;
anketa_20076;7;7;7;7;7;7;7;5;4;7;6;1;1;1;1;1;1;1;1;1;0;1;0;1;1;1;1;1;1;1;1;1;1;0;0;1;1;0;
anketa_20077;7;4;6;5;5;5;2;5;2;6;4;0;0;0;0;0;0;0;0;0;0;1;0;0;0;0;0;0;0;0;0;0;0;0;0;0;0;0;
anketa_20078;4;4;6;6;5;4;1;5;2;6;7;1;1;1;1;1;1;1;1;1;0;1;0;1;0;1;0;1;0;0;0;1;0;0;0;0;0;0;
anketa_20079;7;4;6;6;5;6;2;4;5;7;2;1;1;1;0;1;1;1;1;1;0;1;0;1;0;1;1;0;0;0;1;1;0;0;0;0;0;0;
anketa_20080;2;7;7;7;6;7;5;5;7;7;4;1;1;1;1;0;0;1;0;0;0;1;1;1;0;1;1;0;0;0;0;1;1;0;0;1;1;0;
anketa_20081;4;5;5;6;7;6;5;5;7;5;2;1;1;1;0;1;1;1;1;0;0;1;0;1;0;1;0;0;0;0;0;1;1;1;0;1;1;0;
anketa_20082;1;4;2;6;7;7;4;3;1;7;1;1;0;0;1;0;0;0;0;0;0;1;1;1;1;0;0;0;0;1;1;1;1;0;0;0;0;0;
anketa_20083;7;5;4;6;5;7;2;3;1;6;6;0;0;1;0;0;1;1;1;0;0;1;0;1;0;0;1;0;0;0;0;0;1;0;0;1;1;0;
anketa_20084;7;7;7;5;5;5;5;3;4;7;5;1;0;0;0;0;1;0;0;0;0;1;0;0;0;0;0;0;0;0;0;0;0;0;0;0;1;0;
anketa_20085;7;7;7;7;4;3;5;3;5;6;7;1;0;0;0;0;1;1;0;0;0;1;0;1;1;1;1;0;1;0;1;1;1;0;0;0;1;0;
anketa_20086;4;4;6;6;6;7;4;4;4;7;4;1;0;0;0;1;0;1;0;0;0;1;1;1;1;1;1;0;1;0;1;1;1;0;0;0;1;0;
anketa_20087;7;5;6;6;5;7;7;1;1;1;1;0;0;0;0;0;0;1;0;0;0;1;0;1;0;1;0;0;0;0;1;1;0;0;0;0;0;0;
anketa_20088;6;7;7;7;5;6;7;4;2;6;5;0;1;0;0;0;0;1;1;0;0;1;0;1;1;1;0;0;0;0;0;1;1;0;0;0;0;0;
anketa_20089;1;4;7;7;4;7;7;5;7;7;7;1;0;0;0;0;1;1;0;0;0;1;0;1;1;1;1;0;0;0;1;1;1;1;0;0;1;0;
anketa_20090;3;7;7;7;5;7;4;4;2;7;3;0;0;0;0;0;0;1;1;0;0;1;1;1;0;1;0;0;0;0;0;1;1;0;0;1;1;0;
anketa_20091;1;4;4;4;5;7;7;6;7;7;7;1;0;0;1;0;1;1;1;0;0;0;1;0;0;0;0;0;0;0;1;1;1;0;0;1;0;0;
anketa_20093;6;5;7;7;4;7;7;3;5;7;3;1;0;0;1;1;0;1;0;1;1;1;1;1;1;1;1;1;1;1;1;1;1;1;1;1;1;0;
anketa_20094;7;7;7;7;5;7;7;4;4;7;4;0;0;0;0;0;1;0;0;0;0;0;0;0;0;0;0;0;0;0;0;0;0;0;0;0;0;0;
anketa_20096;7;7;7;7;7;7;1;4;6;7;4;1;0;0;1;1;1;1;1;1;0;1;1;0;0;1;1;1;1;1;1;1;0;1;1;1;1;0;
anketa_20097;6;5;7;6;5;7;7;4;6;7;5;1;0;0;1;0;1;1;1;0;0;1;0;1;0;1;1;0;0;0;0;1;0;1;0;1;1;0;
anketa_20098;7;7;6;7;5;7;6;5;6;7;4;1;0;0;1;1;1;1;1;1;0;1;0;1;0;1;0;0;0;1;1;1;1;1;1;1;1;0;
anketa_20099;7;7;7;7;7;7;7;6;6;7;5;1;0;0;1;0;1;1;1;0;0;1;0;1;0;1;1;0;0;1;0;1;1;1;1;1;1;0;
anketa_20101;7;6;7;6;6;5;5;6;6;7;5;1;1;1;0;1;1;1;1;0;0;1;1;1;1;0;1;1;0;1;1;1;1;0;0;0;0;0;
anketa_20102;7;7;7;7;7;7;7;3;4;5;6;0;0;0;0;0;0;0;0;0;0;0;0;0;0;0;0;0;0;0;0;0;0;0;0;0;0;0;
anketa_20103;5;6;6;6;6;7;6;3;3;7;1;1;1;1;0;1;1;1;1;1;1;1;1;1;0;1;1;0;0;1;0;1;1;1;1;1;1;0;
anketa_20104;6;7;7;7;7;5;2;4;4;7;2;0;0;1;0;0;1;1;1;1;0;1;0;1;0;0;0;0;0;0;0;1;0;0;0;0;0;0;
anketa_20105;6;7;7;7;7;7;3;3;7;7;5;0;0;1;0;1;1;1;1;1;0;1;0;1;0;0;0;0;0;0;0;0;0;0;0;0;0;0;
anketa_20106;7;5;6;6;4;6;1;7;7;7;6;1;0;0;0;1;1;1;1;1;1;1;0;1;1;1;1;1;1;0;0;1;1;1;0;1;0;0;
anketa_20108;6;7;6;7;7;7;4;6;7;7;6;1;1;0;1;1;1;1;1;1;1;1;1;1;1;1;1;1;1;0;0;1;1;0;0;1;1;0;
anketa_20109;5;5;6;6;5;6;2;4;3;7;2;1;1;1;0;0;1;1;1;0;0;1;0;0;0;1;1;0;0;0;0;0;1;0;0;0;0;0;
anketa_20110;7;5;1;4;5;7;7;1;1;7;2;1;0;1;0;1;1;1;1;0;0;1;0;1;0;1;0;0;0;0;0;1;1;0;0;0;1;0;
anketa_20111;7;3;4;5;5;5;4;2;6;6;3;1;0;1;0;0;0;1;1;0;0;1;0;1;1;0;0;0;0;0;0;0;0;0;0;0;0;0;
anketa_20112;1;4;6;5;3;4;1;3;5;7;3;0;0;0;1;1;0;1;1;0;0;1;0;1;0;1;0;0;0;0;0;1;1;0;0;1;1;0;
anketa_20113;7;6;7;7;5;6;5;3;6;6;2;0;1;0;0;1;1;0;1;0;0;1;0;0;0;0;0;0;0;0;0;0;0;0;0;0;0;0;
anketa_20114;7;7;2;6;7;7;1;5;4;7;6;0;0;0;1;0;0;1;1;1;0;1;0;1;0;1;0;0;0;1;1;0;0;0;0;1;1;0;
anketa_20115;6;7;7;7;7;7;6;3;5;4;2;1;1;0;1;1;1;1;1;1;0;1;1;1;1;0;0;0;0;0;0;0;0;0;0;0;0;0;
anketa_20116;4;5;6;6;5;7;3;4;3;7;2;1;1;1;0;0;1;1;1;0;0;1;0;0;0;0;0;0;0;0;0;0;0;0;0;0;0;0;
anketa_20117;7;6;5;6;5;6;4;5;4;7;3;1;0;1;0;1;0;0;0;0;0;1;0;0;0;0;0;0;0;0;0;0;0;0;0;0;0;0;
anketa_20118;3;4;7;7;7;6;4;4;3;5;3;0;1;1;0;1;0;1;1;0;0;1;0;1;0;1;0;0;0;0;0;1;1;0;0;0;0;0;
anketa_20119;6;7;7;7;6;7;5;5;7;7;2;1;0;1;0;0;1;1;1;0;0;1;0;1;0;1;0;1;0;0;0;1;1;1;1;1;0;0;
anketa_20120;2;5;5;5;5;5;1;3;6;4;4;1;0;0;0;1;1;1;1;0;0;1;0;0;0;0;0;0;0;0;0;1;0;0;0;0;0;0;
anketa_20121;7;5;7;7;4;4;1;2;3;6;1;1;1;0;0;1;0;1;1;1;0;1;0;1;1;1;1;0;0;0;0;0;0;0;0;0;0;0;
anketa_20122;7;2;7;6;4;7;1;3;1;7;1;1;0;1;0;1;1;1;1;0;0;1;0;1;1;0;0;0;0;0;0;0;0;0;0;0;0;0;
anketa_20123;7;3;5;2;3;6;1;2;5;6;2;0;0;0;0;0;1;1;1;0;0;1;0;1;1;1;0;0;0;0;0;0;0;0;0;0;0;0;
anketa_20124;7;7;6;7;6;6;6;5;7;7;7;1;0;0;0;1;1;1;0;0;0;1;0;1;0;1;0;0;0;0;1;1;0;0;0;1;1;0;
anketa_20125;6;7;7;7;7;7;7;6;6;7;5;1;1;1;0;0;1;1;1;0;0;1;1;1;1;1;1;0;0;0;1;1;0;0;0;1;0;0;
anketa_20126;1;6;6;6;6;6;3;5;7;7;5;1;0;1;0;0;1;0;1;0;0;1;0;0;0;1;0;0;0;0;0;1;1;0;0;1;1;1;
anketa_20127;6;5;7;7;6;7;4;7;3;6;7;0;0;0;0;1;0;1;1;0;0;1;0;1;0;1;0;0;0;0;0;1;1;0;0;1;1;0;
anketa_20128;7;6;3;6;5;7;1;5;6;7;6;1;0;0;0;0;1;1;1;0;0;1;0;0;0;1;0;0;0;0;0;0;0;0;0;0;0;0;
anketa_20129;7;7;7;7;5;7;2;4;7;7;5;1;1;0;0;0;1;1;0;0;0;1;0;1;0;0;0;0;0;1;1;0;1;0;0;0;0;0;
anketa_20130;6;7;7;7;5;7;4;2;2;3;2;1;0;0;0;0;1;1;0;0;0;1;0;0;0;0;0;0;0;0;1;0;0;0;0;0;0;0;
anketa_20131;7;7;7;7;7;7;1;4;7;7;4;1;1;1;1;1;1;1;1;0;0;1;0;1;1;1;0;1;0;0;1;1;0;1;1;1;0;0;
anketa_20132;7;5;5;7;6;6;3;3;5;7;1;0;1;0;0;0;1;1;0;0;0;1;0;0;0;1;0;0;0;0;0;1;0;0;0;0;0;0;
anketa_20133;7;6;5;4;4;6;2;2;1;6;2;1;1;1;0;1;0;1;0;0;0;1;0;1;1;1;0;0;0;0;1;1;0;0;0;0;0;0;
anketa_20134;5;7;7;7;7;6;1;4;6;7;4;1;1;1;1;1;1;1;1;0;0;1;0;1;1;1;1;0;0;0;1;0;0;0;0;1;0;0;
anketa_20135;4;4;6;7;6;6;3;4;2;7;2;1;1;0;0;1;1;1;1;0;0;1;0;1;0;1;0;0;0;1;0;1;1;0;0;0;0;0;
anketa_20136;1;5;5;5;3;4;3;4;4;4;1;1;0;0;0;0;1;1;1;0;0;1;0;1;1;1;0;0;0;0;0;0;0;0;0;0;0;0;
anketa_20137;4;5;7;7;6;4;4;6;7;7;4;1;1;1;0;1;1;1;1;1;0;1;0;1;0;1;0;0;0;0;0;0;0;0;0;0;0;0;
anketa_20138;7;5;7;7;6;7;3;3;4;6;4;1;0;1;0;1;0;1;1;1;0;1;0;1;0;0;0;0;0;0;0;0;0;0;0;1;0;0;
anketa_20139;6;6;7;7;5;7;4;5;4;7;3;1;1;0;1;0;0;1;0;1;0;1;0;1;0;1;0;0;0;0;0;1;0;1;0;1;0;0;
anketa_20140;3;7;7;7;7;7;5;4;6;7;3;1;1;1;1;1;1;1;1;0;0;1;0;1;1;1;1;1;1;0;1;1;1;1;1;1;1;0;
anketa_20141;7;7;5;7;7;7;4;4;7;7;4;0;1;1;0;0;1;1;1;0;0;1;1;1;1;1;1;1;1;0;0;1;1;0;0;1;1;0;
anketa_20142;7;7;7;7;6;7;3;3;4;7;5;1;0;0;0;1;1;1;1;0;0;1;1;0;0;0;0;0;0;1;1;0;0;0;0;0;0;0;
anketa_20143;1;7;7;7;7;4;7;6;7;7;5;1;1;0;1;1;1;1;1;0;0;1;1;0;0;1;0;1;0;1;1;1;1;1;0;0;0;0;
anketa_20144;7;7;7;7;7;7;7;5;7;7;5;1;0;0;0;0;1;0;0;0;0;1;0;0;0;1;0;0;0;0;1;1;0;0;0;0;0;0;
anketa_20145;7;4;2;7;7;4;1;3;5;7;2;1;1;1;1;1;0;1;1;1;0;1;1;1;1;1;1;1;0;1;1;1;0;1;1;1;1;0;
anketa_20146;6;4;6;6;6;6;6;6;7;7;5;1;1;1;1;1;1;1;1;0;0;1;0;1;0;1;0;0;0;0;0;1;0;0;0;0;0;0;
anketa_20147;6;3;3;4;3;2;1;3;2;3;3;0;0;1;0;0;1;0;0;0;0;1;0;1;0;1;0;0;0;0;0;0;0;0;0;0;0;0;
anketa_20148;3;7;6;6;6;5;7;4;2;7;1;1;1;0;0;1;1;1;0;0;0;1;0;1;1;1;1;0;0;0;1;1;1;0;1;1;1;0;
anketa_20149;1;4;5;4;4;4;6;5;1;2;3;1;0;0;0;0;1;1;0;0;0;1;0;0;0;0;0;0;0;0;0;0;0;0;0;0;0;0;
anketa_20150;1;3;7;5;4;5;1;3;4;6;7;1;0;0;0;0;0;1;0;0;0;1;0;0;1;0;0;0;0;0;1;0;0;0;0;1;0;0;
anketa_20151;7;7;7;6;5;5;2;4;5;7;4;0;0;1;1;1;1;1;0;0;0;1;0;0;0;0;0;0;0;0;0;0;1;0;0;0;1;0;
anketa_20152;1;4;4;4;5;3;6;4;3;7;4;0;0;0;0;1;1;1;0;0;0;1;0;0;0;0;0;0;0;0;0;0;0;0;0;0;0;0;
anketa_20153;3;6;4;7;7;7;1;3;4;4;2;0;1;0;0;0;1;1;0;0;0;1;1;1;1;0;0;0;0;0;1;1;0;0;0;1;1;1;
anketa_20154;7;7;7;7;7;7;7;7;7;7;7;1;1;1;1;1;1;1;1;1;1;1;1;1;1;1;1;1;1;1;1;1;1;1;1;1;1;1;
anketa_20155;7;7;7;7;7;7;7;7;7;7;7;1;1;1;1;1;1;1;1;1;1;1;1;1;1;1;1;1;1;1;1;1;1;1;1;1;1;1;
anketa_20156;1;1;2;1;1;1;3;1;1;1;1;0;0;0;0;1;0;1;0;0;0;1;0;1;0;0;0;0;0;0;0;1;0;0;0;0;0;1;
anketa_20157;5;5;6;6;7;6;3;3;2;7;3;1;0;0;0;1;1;1;0;0;0;1;0;1;0;1;0;0;0;0;0;0;0;0;0;0;1;1;
anketa_20158;6;5;5;5;4;4;4;3;1;7;3;1;1;0;0;1;1;1;0;0;0;1;0;1;1;1;0;0;0;0;0;1;1;0;0;0;0;1;
anketa_20159;7;7;7;7;7;6;1;4;4;4;1;1;0;0;0;0;0;1;0;0;0;1;0;0;0;0;1;0;0;0;0;0;0;0;0;1;1;1;
anketa_20160;6;7;7;7;7;7;3;5;4;7;2;1;0;1;0;1;0;1;0;0;0;1;0;1;1;1;1;0;0;1;1;1;1;0;0;0;0;1;
anketa_20161;2;3;5;5;5;5;1;4;3;7;3;1;0;1;1;1;1;1;0;0;0;1;0;1;1;1;1;0;0;1;1;1;1;0;0;1;0;1;
anketa_20162;7;7;7;7;7;7;5;4;5;7;3;1;0;1;1;0;1;1;1;0;0;1;1;1;1;1;0;0;0;1;1;1;1;0;0;1;0;1;
anketa_20163;7;7;7;7;7;7;5;4;7;7;4;1;0;1;1;0;1;1;1;0;0;1;1;1;1;1;0;0;0;1;1;1;1;0;0;1;1;1;
anketa_20164;7;5;6;5;3;3;4;3;2;5;3;0;1;1;0;1;0;1;1;0;0;1;0;0;0;1;0;0;0;0;0;1;0;0;0;1;1;0;
anketa_20166;7;7;7;7;7;7;7;7;7;7;7;1;0;1;1;0;1;1;1;0;0;1;1;1;1;1;1;1;0;1;1;1;0;0;0;1;0;1;
anketa_20167;7;1;1;1;1;2;1;1;1;1;1;1;0;1;0;0;1;1;0;0;0;1;0;1;0;1;0;0;0;0;0;1;1;0;0;0;0;1;
anketa_20168;2;6;6;7;3;7;1;4;3;7;3;1;1;0;1;1;0;1;0;0;0;1;1;1;1;1;1;0;1;0;1;1;1;1;0;1;0;1;
anketa_20169;5;5;6;5;5;7;5;4;3;7;2;1;1;1;0;1;0;1;0;0;0;1;0;1;1;1;0;1;0;1;0;1;1;0;0;1;1;1;
anketa_20170;7;7;7;7;7;7;4;2;5;7;1;1;1;0;0;1;1;1;0;0;0;1;0;1;1;1;0;1;0;1;1;1;1;0;0;1;1;1;
anketa_20172;6;5;7;4;2;4;2;3;4;7;1;1;1;1;0;1;0;1;1;0;0;1;1;1;1;1;0;1;0;1;1;0;0;0;0;0;0;1;
anketa_20173;7;7;7;7;4;3;6;4;2;7;6;1;1;0;1;1;1;1;1;0;0;1;0;1;0;1;1;1;0;1;0;1;0;1;0;1;0;1;
anketa_20174;4;5;5;5;4;6;6;3;3;7;3;1;1;1;1;1;1;1;1;0;0;1;0;1;0;1;1;1;0;1;1;1;0;1;0;1;0;1;
anketa_20175;3;6;5;7;7;6;3;4;4;7;5;1;0;1;0;1;1;1;1;1;1;1;1;1;1;1;1;1;1;1;1;1;1;0;0;1;1;1;
anketa_20176;4;3;6;6;3;6;4;4;4;5;3;1;1;1;1;1;0;1;1;1;1;1;0;1;1;1;1;1;1;1;1;1;1;0;0;1;1;1;
anketa_20177;2;3;3;5;3;4;5;4;3;6;4;1;1;1;1;1;1;1;1;1;1;1;0;1;1;1;1;1;1;1;1;1;1;0;0;1;1;1;
anketa_20178;7;7;7;7;5;7;3;4;6;7;3;1;1;1;1;1;1;1;0;1;1;1;0;1;1;1;1;1;1;1;1;1;1;0;0;1;1;1;
anketa_20179;7;6;7;7;6;7;5;5;4;7;5;1;1;1;1;1;1;1;1;1;1;1;0;1;1;1;1;1;1;1;1;1;1;0;0;1;1;1;
anketa_20180;7;7;7;6;5;7;7;4;7;7;5;1;1;0;0;1;1;1;1;0;0;1;0;1;1;1;0;0;0;0;1;1;1;1;0;1;1;1;
anketa_20181;2;7;3;7;4;7;1;4;4;7;2;1;1;0;0;1;1;1;1;0;0;1;0;1;1;1;0;0;0;0;1;1;1;1;1;1;1;1;
anketa_20182;6;6;7;7;6;6;4;6;5;7;4;0;0;1;0;0;1;1;0;0;0;1;0;1;0;0;0;0;0;0;0;1;1;0;0;1;0;1;
anketa_20183;4;3;4;6;4;3;5;3;2;5;5;1;0;1;1;1;1;0;0;0;0;1;0;0;0;0;0;0;0;0;0;0;0;0;0;0;0;1;
anketa_20184;3;7;7;7;7;6;7;5;5;7;5;0;1;0;0;0;1;1;0;1;0;1;0;1;1;1;1;0;0;0;1;1;1;1;0;1;1;1;
anketa_20185;7;7;7;7;7;7;7;4;4;6;5;1;1;0;0;1;1;1;0;0;0;1;0;1;0;1;1;0;0;0;1;0;0;1;0;1;0;1;
anketa_20186;3;4;3;4;4;5;5;4;5;4;6;1;0;1;1;1;1;1;0;0;0;1;1;0;0;1;1;0;0;0;0;1;0;0;0;1;1;1;
anketa_20187;7;3;4;7;7;7;1;3;4;7;4;1;1;1;0;0;0;1;1;0;0;1;1;1;1;1;1;0;0;0;0;0;0;0;0;0;0;1;
anketa_20188;6;3;4;3;2;3;1;1;4;5;2;1;1;1;1;1;1;1;1;1;0;1;0;1;0;1;1;0;0;1;1;1;1;0;0;0;0;1;
anketa_20189;6;2;3;3;2;6;1;3;2;7;2;1;0;1;0;0;1;1;1;0;0;1;1;1;1;1;0;0;0;0;0;0;0;0;0;0;0;1;
anketa_20190;7;7;7;7;6;6;2;3;2;7;1;0;0;0;0;0;1;1;0;0;0;1;0;1;0;0;0;0;0;0;0;0;0;0;0;1;0;1;
anketa_20192;7;6;7;6;5;6;5;4;4;7;4;1;0;1;0;1;0;1;1;1;1;1;1;1;1;0;1;0;0;0;1;1;1;0;0;1;1;1;
anketa_20193;5;4;6;6;5;5;4;4;4;7;4;1;1;0;1;1;1;1;1;1;0;1;1;1;1;1;0;0;0;0;1;1;1;1;0;1;1;1;
anketa_20194;3;4;4;4;6;6;6;5;3;6;4;1;0;0;0;1;1;1;0;0;0;1;0;1;0;1;0;0;0;0;1;1;1;0;0;0;0;1;
anketa_20195;6;4;5;5;5;5;6;3;4;6;3;1;1;1;0;0;1;1;1;0;0;1;1;1;1;1;1;0;0;0;0;0;0;0;0;1;1;1;
anketa_20196;7;6;7;7;7;7;4;4;6;7;4;1;0;1;0;1;1;1;1;1;1;1;1;1;1;1;1;0;0;0;1;1;1;0;0;1;1;1;
anketa_20197;7;6;6;7;6;6;2;5;2;7;5;1;0;1;0;1;0;1;1;1;1;1;1;1;1;1;1;0;0;0;1;1;1;0;0;1;0;1;
anketa_20198;7;1;1;1;3;1;3;2;1;2;2;1;1;1;0;1;0;0;0;1;0;0;0;0;0;0;0;0;0;0;0;0;0;0;0;0;0;0;
anketa_20199;7;7;5;7;7;5;6;5;6;7;4;0;0;1;1;1;1;1;0;0;0;1;1;1;0;0;0;0;0;0;0;0;0;0;0;0;0;1;
anketa_20200;6;5;4;4;4;4;3;4;3;6;3;1;1;1;0;1;1;1;1;0;0;1;0;1;1;0;0;0;0;0;0;1;1;1;1;0;0;1;
anketa_20201;5;5;6;4;3;6;7;3;5;7;4;1;1;0;0;1;0;0;0;0;0;1;0;0;0;0;0;0;0;0;0;0;0;0;0;0;0;1;
anketa_20202;5;2;6;5;5;6;1;1;2;7;3;0;0;0;0;0;0;0;0;0;0;1;0;0;0;0;0;0;0;0;0;1;0;0;0;0;0;1;
anketa_20203;1;2;6;2;2;3;7;6;2;6;6;0;0;0;0;0;1;1;0;0;0;1;0;0;0;0;0;0;0;0;0;0;0;0;0;0;0;1;
anketa_20204;7;7;7;7;7;7;7;5;6;7;5;1;0;1;0;1;1;1;1;1;1;1;1;1;1;1;1;1;1;1;1;1;1;0;0;1;1;1;
anketa_20205;1;3;7;7;4;2;7;5;7;7;3;0;0;0;0;1;1;1;0;1;0;1;0;1;1;1;1;0;1;1;1;1;1;0;0;1;1;1;
anketa_20208;7;4;3;3;3;7;5;3;4;7;1;0;1;1;0;0;1;1;0;0;0;1;0;0;0;0;1;0;0;0;1;0;0;0;0;0;0;1;
anketa_20209;7;4;5;3;3;5;2;1;3;7;3;1;1;1;1;0;0;1;0;0;0;1;0;0;0;0;0;0;0;0;1;0;1;0;0;0;0;1;
anketa_20210;4;5;4;4;6;6;5;4;5;4;6;1;0;1;1;0;0;0;0;0;0;0;0;0;0;0;0;0;0;0;0;0;0;0;0;0;0;1;
anketa_20212;7;5;7;7;6;7;2;4;2;7;5;1;1;0;0;0;1;1;0;0;0;1;0;1;0;1;0;0;0;0;0;1;0;0;0;0;0;1;
anketa_20214;5;5;5;5;4;6;2;4;3;7;2;0;0;1;1;0;0;1;0;0;0;1;0;0;0;1;0;0;0;0;0;0;0;0;0;0;0;1;
anketa_20216;7;2;6;5;4;5;2;5;3;6;2;1;1;0;0;1;1;1;1;1;0;1;1;1;1;1;1;1;0;0;0;1;1;0;0;1;1;1;
anketa_20217;7;6;7;6;7;7;6;5;4;7;4;1;1;1;0;1;1;1;1;1;0;1;1;1;1;1;1;1;1;0;1;1;1;1;1;1;1;1;
anketa_20218;7;7;7;7;4;6;5;4;3;7;7;1;1;1;0;1;1;1;1;1;0;1;1;1;1;1;1;1;1;0;1;1;1;1;0;1;1;1;
anketa_20219;6;7;6;7;6;6;4;3;7;7;3;1;1;0;1;1;1;1;1;1;1;1;1;1;1;1;1;0;0;1;1;1;1;0;0;0;1;1;
anketa_20220;4;6;6;6;6;6;6;6;6;7;6;1;1;0;1;1;1;1;1;0;0;1;1;1;1;0;0;0;0;1;1;1;1;1;0;1;0;1;
anketa_20221;6;6;7;6;6;7;6;4;4;7;4;0;1;1;0;1;1;1;1;1;0;1;1;1;1;1;0;1;0;1;1;1;0;0;0;1;0;1;
anketa_20222;5;2;4;3;3;7;5;2;1;7;1;1;0;1;1;0;1;0;0;0;0;1;0;1;0;0;0;0;0;0;0;1;0;0;0;1;0;1;
anketa_20223;4;6;3;5;3;4;2;5;3;7;3;0;0;1;0;1;0;0;0;0;0;1;0;1;1;1;1;0;0;0;1;0;0;0;0;1;1;1;
anketa_20224;6;6;6;6;6;6;5;4;3;7;1;1;1;1;0;1;1;1;1;0;0;1;1;0;0;0;0;0;0;0;0;0;1;0;0;0;0;1;
anketa_20225;7;7;7;5;4;6;6;5;4;7;4;0;1;1;1;1;1;1;1;0;0;1;0;1;1;0;0;0;0;1;1;1;1;0;0;0;0;1;
anketa_20226;5;5;6;7;5;7;2;4;3;7;2;0;0;0;0;1;1;1;0;0;0;1;0;1;0;1;0;0;0;1;0;1;0;0;0;1;0;1;
anketa_20227;7;6;7;7;7;7;4;4;5;7;4;1;1;0;0;1;1;1;1;0;0;1;1;1;1;1;1;1;0;1;1;0;0;0;0;0;1;1;
anketa_20228;1;5;5;3;6;7;1;2;2;7;3;0;0;0;0;1;1;1;0;0;0;1;0;1;0;0;0;0;0;0;1;0;1;0;0;0;0;1;
anketa_20229;6;5;7;6;6;6;5;6;4;7;6;1;0;0;0;1;0;0;0;0;0;1;0;0;0;0;0;0;0;0;0;0;0;0;0;0;0;1;
anketa_20230;6;5;5;7;6;7;3;3;5;5;5;1;0;1;0;0;1;1;1;1;1;1;0;1;1;1;1;0;0;1;1;1;1;1;0;1;1;1;
anketa_20231;4;2;5;6;4;4;3;4;3;5;3;1;0;1;0;1;1;1;1;0;0;1;0;1;1;1;1;0;0;1;0;1;1;1;0;0;0;1;
anketa_20231;4;2;5;6;4;4;3;4;3;5;3;1;0;1;0;1;1;1;1;0;0;1;0;1;1;1;1;0;0;1;0;1;1;1;0;0;0;1;
anketa_20232;7;4;7;4;5;6;1;3;3;7;4;1;0;1;0;0;0;0;0;0;0;1;0;1;0;1;0;0;0;0;0;1;0;0;0;1;1;1;
anketa_20233;4;4;5;5;6;6;5;4;3;7;3;1;1;1;0;0;1;0;0;0;0;1;0;1;0;1;0;0;0;0;0;0;0;0;0;1;1;1;
anketa_20234;3;5;5;5;4;5;4;3;4;5;4;1;1;1;0;1;0;1;1;1;0;1;1;1;1;1;1;1;1;0;1;1;1;0;0;0;0;1;
anketa_20235;3;5;5;6;6;7;5;4;5;7;4;1;1;1;0;1;1;1;1;1;0;1;1;1;1;1;1;1;1;0;0;1;1;0;0;0;0;1;
anketa_20236;7;7;7;7;7;7;7;7;6;7;7;1;1;1;0;1;1;1;1;1;0;1;1;1;1;1;1;1;1;0;1;1;1;0;0;0;0;1;
anketa_20237;6;7;7;7;6;6;5;3;5;7;1;1;0;0;0;1;1;0;0;0;1;1;0;0;0;0;0;0;0;0;0;1;0;0;0;0;0;1;
anketa_20238;3;6;7;7;7;7;7;6;7;7;6;1;1;1;1;1;1;0;0;0;0;1;0;0;0;0;0;0;0;0;1;1;1;0;0;0;0;1;
anketa_20239;7;7;7;7;7;7;1;2;5;7;1;1;1;1;0;0;0;0;0;0;0;0;0;0;0;0;0;0;0;0;0;1;0;0;0;0;0;1;
anketa_20240;3;5;7;5;7;7;1;2;3;7;3;0;0;0;0;1;1;1;1;0;0;1;0;0;0;1;0;0;0;0;0;0;0;0;0;1;1;1;
anketa_20241;7;6;4;7;5;7;7;5;4;7;4;0;1;0;1;1;1;1;1;0;0;1;1;1;1;1;1;1;1;0;1;1;1;0;0;1;1;1;
anketa_20242;7;7;5;7;3;2;3;3;5;7;2;1;1;1;0;0;1;1;1;0;0;1;0;1;1;1;0;0;0;0;1;1;1;0;0;1;0;1;
anketa_20243;7;5;5;7;6;7;3;5;4;7;5;1;0;1;0;0;0;1;1;0;0;1;0;1;1;1;0;0;0;0;1;1;1;0;0;0;0;1;
anketa_20244;7;7;7;7;6;7;7;4;4;7;2;1;1;1;1;1;1;1;1;1;1;1;0;1;1;1;1;0;0;1;1;1;1;1;0;1;1;1;
anketa_20245;7;6;6;6;5;7;2;3;3;5;3;0;0;0;0;0;1;0;1;0;0;1;0;1;0;1;0;0;0;0;0;1;0;0;0;1;1;1;
anketa_20246;7;6;7;7;7;7;7;4;6;7;3;1;1;1;1;1;1;1;1;1;1;1;0;1;1;1;1;0;1;1;1;1;1;1;0;1;1;1;
anketa_20246;7;6;7;7;7;7;7;4;6;7;3;1;1;1;1;1;1;1;1;1;1;1;0;1;1;1;1;0;1;1;1;1;1;1;0;1;1;1;
anketa_20247;5;4;6;6;4;6;2;3;3;5;3;1;0;1;0;1;0;1;1;0;0;1;1;1;1;1;1;0;0;1;1;1;1;1;0;1;1;1;
anketa_20248;5;6;7;7;7;4;4;4;7;7;4;0;0;0;0;0;1;1;1;0;0;1;0;1;0;1;1;0;0;1;1;1;1;1;0;1;1;1;
anketa_20249;6;6;5;5;5;6;3;3;3;7;3;1;0;1;0;1;1;1;1;0;0;1;1;1;1;1;1;0;0;0;1;1;1;0;0;1;1;1;
anketa_20250;7;7;7;7;7;7;4;5;6;5;3;0;1;1;0;1;1;1;0;0;0;1;0;0;0;0;0;0;0;0;0;0;0;0;0;0;0;1;
anketa_20251;7;7;6;6;4;5;4;3;4;5;3;0;1;1;0;0;0;1;0;0;0;1;0;0;0;0;0;0;0;0;0;1;0;0;0;1;0;1;
anketa_20252;6;6;5;7;5;6;2;3;5;7;2;1;0;1;0;1;1;1;0;0;0;1;0;1;0;1;0;0;0;0;0;1;0;0;0;1;0;1;
anketa_20253;5;7;7;7;6;6;7;5;7;7;4;1;1;1;0;1;1;1;1;1;1;1;1;1;1;1;1;0;0;1;1;1;1;1;0;1;0;1;
anketa_20254;7;5;6;3;3;5;2;3;3;6;2;1;1;1;1;0;0;1;1;0;0;1;0;1;1;1;0;1;0;1;1;1;1;0;0;1;1;1;
anketa_20255;7;4;5;7;7;7;6;5;6;7;4;0;1;0;0;0;1;1;1;0;0;1;1;1;1;1;0;0;0;1;1;1;1;0;0;0;1;1;
anketa_20290;2;2;2;1;1;1;1;1;1;1;1;0;0;0;0;1;0;0;0;0;0;0;0;0;0;0;0;0;0;0;0;0;0;0;0;0;0;0;
anketa_20292;3;3;2;5;1;5;3;3;1;1;1;1;0;1;0;1;1;0;0;0;0;0;0;0;0;0;0;0;0;0;0;0;0;0;0;0;0;0;
anketa_20294;2;1;1;1;1;1;1;1;1;1;1;0;0;1;0;0;1;0;0;0;0;0;0;0;0;0;0;0;0;0;0;0;0;0;0;0;0;0;
anketa_20296;7;2;1;2;2;1;1;3;1;2;1;0;1;0;0;0;0;1;0;0;0;0;0;0;0;0;0;0;0;0;0;0;0;0;0;0;0;0;
anketa_20298;1;1;1;1;1;1;1;5;2;5;5;0;0;1;0;0;0;0;0;0;0;0;0;0;0;0;0;0;0;0;0;0;0;0;0;0;0;0;
anketa_20299;7;7;5;5;5;5;5;5;5;6;7;0;0;0;0;0;1;0;0;0;0;1;0;0;0;0;0;0;0;0;0;0;0;0;0;0;0;0;
anketa_20300;7;7;5;6;6;3;6;4;6;3;7;0;0;0;0;0;1;0;0;0;0;0;0;0;0;0;0;0;0;0;0;0;0;0;0;0;0;0;
anketa_20301;4;3;4;4;3;5;4;4;3;4;4;0;0;0;0;1;0;1;0;0;0;1;0;0;0;0;0;0;0;0;0;0;0;0;0;0;0;0;
anketa_20302;1;3;6;3;1;1;1;4;1;3;2;0;0;0;0;1;0;0;0;0;0;1;0;0;0;0;0;0;0;0;0;0;0;0;0;0;0;0;
anketa_20303;1;1;1;1;1;1;1;1;1;1;1;0;0;1;0;1;1;0;0;0;0;0;0;0;0;0;0;0;0;0;0;0;0;0;0;0;0;0;
anketa_20304;3;2;1;1;1;1;1;1;1;1;1;0;0;1;1;0;0;0;0;0;0;0;0;0;0;0;0;0;0;0;0;0;0;0;0;0;0;0;
anketa_20305;7;6;6;5;6;6;7;7;7;7;7;0;1;0;0;1;0;1;0;0;0;1;0;0;0;0;0;0;0;0;0;0;0;0;0;0;0;0;
anketa_20306;7;7;7;7;7;7;7;1;7;7;7;0;0;1;0;0;0;0;0;0;0;1;0;0;0;0;0;0;0;0;0;0;0;0;0;0;0;0;
anketa_20307;4;5;3;6;3;2;1;1;1;6;1;0;0;0;0;0;1;0;0;0;0;1;0;0;0;0;0;0;0;0;0;0;0;0;0;0;0;0;
anketa_20308;1;1;3;1;1;1;7;1;1;1;1;0;0;0;1;0;1;0;0;0;0;0;0;0;0;0;0;0;0;0;0;0;0;0;0;0;0;0;
anketa_20309;1;1;2;4;7;1;1;1;1;1;1;0;0;0;0;0;0;0;0;0;0;0;0;0;0;0;0;0;0;0;0;0;0;0;0;0;0;0;
anketa_20310;6;4;5;4;4;4;3;2;2;7;3;1;1;0;0;1;1;1;1;1;0;1;0;1;0;1;0;0;0;1;0;1;0;1;0;1;0;1;
anketa_20311;7;6;5;7;5;5;1;4;3;7;3;1;1;1;0;1;1;1;1;0;0;1;0;0;0;0;0;0;0;0;0;0;0;0;0;0;0;1;
anketa_20312;5;4;4;4;3;4;3;1;2;5;4;1;0;0;0;0;1;0;0;0;0;0;0;0;0;0;0;0;0;0;0;0;0;0;0;0;0;0;
anketa_20313;7;4;4;6;3;7;2;2;2;5;4;1;0;0;0;1;1;0;0;0;0;1;0;0;0;0;0;0;0;0;0;0;0;0;0;0;0;1;
anketa_20314;5;5;5;5;5;6;4;3;2;6;3;1;1;0;0;1;1;1;1;1;0;1;0;1;0;1;0;0;0;0;0;1;0;1;0;1;0;1;
anketa_20315;5;4;3;4;4;6;3;3;5;4;3;1;1;0;1;1;0;1;1;1;0;1;0;0;0;0;0;0;0;0;0;0;0;0;0;0;0;1;
anketa_20316;5;6;5;7;6;6;2;2;2;6;3;0;0;0;0;1;1;1;0;0;0;1;0;0;0;0;0;0;0;0;0;0;0;0;0;0;0;1;
anketa_20317;7;4;2;6;4;3;2;3;2;6;3;0;0;0;0;0;1;0;0;0;0;0;0;0;0;0;0;0;0;0;0;0;0;0;0;0;0;1;
anketa_20318;7;6;5;7;5;6;7;4;5;7;3;0;0;0;0;0;1;1;1;1;0;1;0;1;0;1;0;0;0;0;0;0;0;0;0;0;0;1;
anketa_20319;6;6;6;7;7;7;5;4;3;7;4;0;0;1;0;1;1;1;1;0;0;1;1;1;0;0;0;0;0;0;0;0;0;0;0;0;0;1;
anketa_20320;6;3;3;5;3;4;2;4;2;6;3;0;0;0;0;0;0;0;0;0;0;0;0;0;0;0;0;0;0;0;0;0;0;0;0;0;0;1;
anketa_20321;5;2;5;4;6;6;2;1;1;6;2;0;0;0;0;0;0;1;0;0;0;0;0;0;0;0;0;0;0;0;0;0;0;0;0;0;0;1;
anketa_20322;7;7;7;7;7;7;3;6;6;7;5;1;1;0;1;1;0;1;0;1;0;1;0;1;0;1;0;0;0;0;0;1;0;0;0;1;1;1;
anketa_20323;6;3;5;5;3;3;1;4;2;5;2;1;1;0;1;1;1;1;0;0;0;1;0;1;0;1;0;0;0;0;0;1;0;1;0;1;1;1;
anketa_20324;7;5;6;5;4;6;4;4;1;7;4;0;1;0;0;1;0;1;1;0;0;1;0;0;0;0;0;0;0;0;0;0;0;0;0;0;0;1;
anketa_20325;6;5;2;4;2;5;2;2;2;7;2;0;1;0;0;1;1;0;0;0;0;0;0;0;0;0;0;0;0;0;0;0;0;0;0;0;0;1;
anketa_20326;6;4;5;5;3;6;1;4;1;7;4;1;1;0;0;1;0;1;1;0;0;1;0;0;0;0;0;0;0;0;0;0;0;0;0;0;0;1;
anketa_20327;3;1;1;1;1;1;1;1;1;4;1;1;0;1;0;1;1;0;0;0;0;0;0;0;0;0;0;0;0;0;0;0;0;0;0;0;0;0;
anketa_20328;7;7;7;7;7;4;7;1;1;7;1;1;0;0;1;0;1;1;1;0;0;1;0;0;0;1;0;0;0;0;0;0;0;0;0;0;0;1;
anketa_20329;7;6;5;6;5;4;3;5;1;3;4;0;0;0;0;1;1;1;1;0;0;1;0;0;0;1;0;0;0;0;0;0;0;0;0;0;0;1;
anketa_20330;6;6;2;5;3;4;2;1;1;3;1;1;0;0;0;0;1;1;0;0;0;1;0;1;0;1;0;0;0;1;0;0;0;0;0;0;0;1;
anketa_20331;7;7;5;5;7;6;3;4;2;3;4;1;1;0;0;1;0;0;0;0;0;1;0;0;0;0;0;0;0;0;0;0;0;0;0;0;0;1;
anketa_20332;4;4;6;6;4;5;3;3;3;6;2;1;1;0;0;0;0;0;0;0;0;1;0;0;0;0;0;0;0;0;0;0;0;0;0;0;0;1;
anketa_20333;7;5;2;4;2;6;1;2;4;2;4;1;1;0;1;0;0;1;1;1;1;1;1;1;0;1;1;0;0;0;0;0;0;1;1;0;1;1;
anketa_20334;5;6;7;5;2;5;1;4;6;7;4;1;1;0;1;0;0;1;1;0;0;1;0;1;0;0;0;0;0;0;0;0;0;0;0;1;1;1;
anketa_20335;6;3;4;5;3;6;1;4;4;7;2;1;1;0;1;0;0;1;1;0;0;1;0;1;0;1;0;0;0;0;0;0;0;0;0;0;0;1;
anketa_20336;2;1;1;1;1;1;1;2;1;1;3;0;0;0;0;1;1;0;0;0;0;1;0;0;0;0;0;0;0;0;0;0;0;0;0;0;0;0;
anketa_20337;4;5;6;5;3;6;1;3;6;7;5;1;0;0;1;0;1;0;1;0;0;1;0;0;0;1;0;0;0;0;0;0;0;0;0;0;0;1;
anketa_20339;7;5;5;6;4;5;6;1;7;5;2;1;0;0;0;0;1;0;0;0;0;1;0;0;0;1;0;0;0;0;0;0;0;0;0;0;0;1;
anketa_20340;7;3;1;1;1;1;1;1;3;4;3;0;0;0;0;1;1;0;0;0;0;0;0;0;0;0;0;0;0;0;0;0;0;0;0;0;0;1;
anketa_20342;7;4;2;4;4;6;3;3;6;7;2;1;1;1;0;1;1;1;0;0;0;1;0;1;0;1;0;0;0;0;0;0;0;0;0;1;0;1;
anketa_20343;7;7;5;6;7;4;3;4;5;7;3;1;1;1;1;0;1;1;1;0;0;1;1;1;0;1;0;0;0;0;0;1;1;0;0;0;1;1;
anketa_20344;1;1;1;1;1;1;1;2;6;1;1;0;0;1;0;0;0;0;0;0;0;1;0;0;0;0;0;0;0;0;0;0;0;0;0;0;0;0;
anketa_20346;5;1;1;1;3;1;1;1;1;1;1;0;0;0;0;1;0;0;0;0;0;1;0;0;0;0;0;0;0;0;0;0;0;0;0;0;0;0;
anketa_20347;3;4;2;4;5;6;1;1;5;7;1;0;0;0;1;0;1;1;1;0;0;1;0;0;0;0;0;0;0;0;0;0;0;0;0;0;0;0;
anketa_20348;2;2;2;3;3;3;2;3;7;3;3;0;0;1;0;1;0;0;0;0;0;1;0;0;0;0;0;0;0;0;0;0;0;0;0;0;0;1;
anketa_20349;7;3;3;5;3;5;1;1;1;7;2;1;0;0;0;0;0;0;0;0;0;1;0;0;0;0;0;0;0;0;0;0;0;0;0;0;0;1;
anketa_20350;3;2;4;1;1;1;4;1;1;3;1;0;0;0;0;0;1;0;0;0;0;0;0;0;0;0;0;0;0;0;0;0;0;0;0;0;0;0;
anketa_20351;7;7;5;7;5;7;1;5;4;7;3;1;0;1;0;1;1;1;1;1;0;1;1;1;1;1;0;1;1;0;1;1;1;1;1;1;1;1;
anketa_20352;7;6;6;7;6;6;4;4;3;7;5;1;1;0;1;1;1;1;1;1;1;1;0;1;0;1;1;0;0;0;1;1;1;1;0;1;1;1;
anketa_20353;7;6;3;7;7;6;7;5;3;7;4;0;0;0;0;1;1;1;1;0;0;1;0;1;0;0;0;0;0;1;1;1;1;0;0;0;1;1;
anketa_20354;1;7;3;5;1;5;1;1;7;4;1;1;0;1;0;1;1;0;0;0;0;1;0;0;0;0;0;0;0;0;0;0;0;0;0;0;0;0;
anketa_20355;5;3;2;5;3;3;5;3;4;7;3;0;0;0;0;0;0;0;0;0;0;0;0;0;0;0;0;0;0;0;0;0;0;0;0;0;0;0;
anketa_20356;3;3;6;4;2;2;3;1;3;5;6;0;1;0;0;0;0;0;0;0;0;1;0;0;0;0;0;0;0;0;0;0;0;0;0;0;0;0;
anketa_20359;7;3;2;2;1;2;3;2;2;4;2;0;1;0;0;1;1;1;0;1;0;1;0;0;0;1;0;0;0;0;0;0;0;0;0;0;0;0;
anketa_20360;7;5;6;5;5;5;1;4;3;5;4;0;0;0;0;1;0;0;0;0;0;1;0;0;0;0;0;0;0;0;0;0;0;0;0;0;0;0;
anketa_20363;4;2;4;1;4;6;6;1;3;5;7;1;0;1;0;1;0;1;1;0;0;1;0;1;0;1;0;0;0;1;0;1;0;0;0;1;0;0;
anketa_20365;7;2;3;6;4;5;5;5;5;6;5;0;0;0;0;1;1;0;0;0;0;1;0;0;0;1;0;0;0;0;0;0;0;0;0;0;0;0;
anketa_20365;7;2;3;6;4;5;5;5;5;6;5;0;0;0;0;1;1;0;0;0;0;1;0;0;0;1;0;0;0;0;0;0;0;0;0;0;0;0;
anketa_20366;3;1;2;1;1;1;7;2;1;5;4;1;0;0;0;0;1;0;0;0;0;1;0;0;0;0;0;0;0;0;0;0;0;0;0;0;0;0;
anketa_20368;7;7;4;4;1;3;1;3;3;3;3;1;1;0;1;1;1;1;0;0;0;1;0;1;1;1;0;1;0;1;0;0;0;0;0;1;1;0;
anketa_20369;1;3;6;5;3;5;5;3;2;5;6;1;0;0;0;1;1;0;0;0;0;1;0;0;0;0;0;0;0;0;0;0;0;0;0;0;0;0;
anketa_20370;7;7;7;7;5;7;4;3;3;4;1;1;0;0;0;1;0;0;0;0;0;1;0;0;0;1;0;0;0;0;0;1;1;0;0;0;0;0;
anketa_20371;3;5;4;7;5;6;4;6;3;4;5;1;0;0;0;1;1;0;0;0;0;1;0;0;0;0;0;0;0;0;0;0;0;0;0;0;0;0;
anketa_20372;5;4;4;5;4;4;5;4;5;7;5;1;0;1;0;1;0;0;0;0;0;1;0;0;0;0;0;0;0;0;0;0;0;0;0;0;0;0;
anketa_20373;1;1;2;1;1;1;1;1;1;2;1;1;0;1;0;0;0;0;0;0;0;0;0;0;0;0;0;0;0;0;0;0;0;0;0;0;0;0;
anketa_20374;7;2;4;5;1;3;5;1;2;3;1;0;0;0;0;1;0;0;0;0;0;0;0;0;0;0;0;0;0;0;0;0;0;0;0;0;0;0;
anketa_20375;3;3;5;5;4;4;1;4;5;5;4;1;1;1;0;1;1;1;1;1;1;1;1;1;0;1;0;0;1;1;1;0;0;1;0;0;1;0;
anketa_20376;1;2;4;3;3;2;1;3;1;5;2;1;1;1;0;1;1;1;1;1;1;1;1;1;0;0;0;0;1;1;1;0;0;1;0;0;1;0;
anketa_20377;5;3;1;2;1;1;1;1;1;3;1;1;0;1;0;1;0;0;0;0;0;0;0;0;0;0;0;0;0;0;0;0;0;0;0;0;0;0;
anketa_20378;6;4;6;4;3;6;6;4;7;3;4;1;0;1;0;1;1;1;0;0;0;1;0;0;0;0;0;0;0;0;0;0;0;0;0;0;0;0;
anketa_20379;7;7;7;6;6;7;5;3;5;7;4;0;0;0;0;1;1;0;0;0;0;1;1;1;0;0;0;0;0;0;0;0;0;0;0;0;0;0;
anketa_20380;1;1;1;1;1;1;1;1;1;1;1;0;0;0;0;1;1;0;0;0;0;1;0;0;0;0;0;0;0;0;0;0;0;0;0;0;0;0;
anketa_20381;5;1;2;1;1;1;2;1;5;5;1;1;0;0;0;0;0;0;0;0;0;1;1;0;0;0;0;0;0;0;0;0;0;0;0;0;0;0;
anketa_20382;1;1;1;1;1;1;1;1;1;1;1;0;0;0;0;0;0;1;0;0;0;1;0;0;0;0;0;0;0;0;0;0;0;0;0;0;0;0;
anketa_20383;5;1;1;1;1;1;1;1;1;3;1;0;0;0;0;0;1;1;0;0;0;1;0;0;0;0;0;0;0;0;0;0;0;0;0;0;0;0;
anketa_20384;1;2;3;4;5;6;6;1;6;2;5;1;1;0;0;0;0;0;0;0;0;0;0;0;0;0;0;0;0;0;0;0;0;0;0;0;0;0;
anketa_20385;3;3;3;2;2;1;1;1;1;1;1;0;0;1;0;0;0;0;0;0;0;0;0;0;0;0;0;0;0;0;0;0;0;0;0;0;0;0;
anketa_20386;1;2;2;1;1;1;1;1;1;1;1;1;0;1;1;1;0;0;0;0;0;0;0;0;0;0;0;0;0;0;0;0;0;0;0;0;0;0;
anketa_20387;3;3;2;5;2;3;3;1;1;3;1;0;1;0;0;0;0;1;1;0;0;1;0;0;0;0;0;0;0;0;0;0;0;0;0;0;0;0;
anketa_20388;1;1;1;1;1;1;1;2;1;1;1;1;1;0;0;1;1;0;0;0;0;0;0;0;0;0;0;0;0;0;0;0;0;0;0;0;0;0;
anketa_20389;7;7;7;1;7;7;7;3;1;3;1;0;0;0;0;1;1;0;0;0;0;0;0;0;0;0;0;0;0;0;0;0;0;0;0;0;0;0;
anketa_20390;7;4;5;4;3;4;1;2;6;7;2;0;0;0;0;0;0;0;0;0;0;0;0;0;0;0;0;0;0;0;0;0;0;0;0;0;0;0;
anketa_20391;2;2;4;3;4;6;1;3;3;7;4;1;1;1;0;1;1;1;0;0;0;0;0;0;0;0;0;0;0;0;0;0;0;0;0;0;0;0;
anketa_20392;2;3;3;3;2;4;5;4;1;5;2;1;1;0;0;0;0;0;0;0;0;1;0;0;0;1;0;0;0;0;0;0;0;0;0;0;0;0;
anketa_20393;4;3;2;3;2;4;1;1;1;4;1;1;1;1;0;1;0;0;0;0;0;1;0;0;0;0;0;0;0;0;0;0;0;0;0;0;0;0;
anketa_20394;1;1;1;1;3;2;6;7;3;4;6;0;0;0;0;1;0;0;0;0;0;1;0;0;0;0;0;0;0;0;0;0;0;0;0;0;0;0;
anketa_20396;1;1;1;1;1;1;1;1;1;1;1;0;1;0;0;1;1;0;0;0;0;0;0;0;0;0;0;0;0;0;0;0;0;0;0;0;0;0;
anketa_20397;7;3;3;4;4;3;2;2;1;7;1;1;1;0;1;1;1;1;1;1;1;1;1;0;0;1;0;0;0;0;0;0;0;1;1;0;0;0;
anketa_20399;7;3;2;2;1;2;1;1;1;6;1;0;0;0;0;0;0;0;0;0;0;0;0;0;0;0;0;0;0;0;0;0;0;0;0;0;0;0;
anketa_20401;5;3;4;2;2;3;1;1;2;4;1;0;1;1;0;1;1;0;0;0;0;0;0;0;0;0;0;0;0;0;0;0;0;0;0;0;0;0;
anketa_20402;1;3;5;4;2;2;1;2;4;6;3;1;1;1;0;0;0;0;0;0;0;1;0;0;0;0;0;0;0;0;0;0;0;0;0;0;0;0;
anketa_20403;6;4;7;5;4;6;4;4;3;4;4;1;1;0;0;1;1;1;1;0;0;1;1;0;0;0;0;0;0;0;0;0;0;0;0;0;0;0;
anketa_20405;7;7;4;5;5;7;3;2;3;7;3;0;0;1;1;1;1;1;0;0;0;1;0;0;0;0;0;1;0;0;0;0;0;0;0;0;0;0;
anketa_20407;1;4;2;4;5;6;2;3;4;6;3;1;0;0;0;0;1;1;1;0;0;1;0;0;0;0;0;0;0;0;0;0;0;0;0;0;0;0;
anketa_20408;7;2;4;3;3;4;3;1;4;1;1;0;0;0;0;1;0;0;0;0;0;0;0;0;0;0;0;0;0;0;0;0;0;0;0;0;0;0;
anketa_20409;7;7;5;7;7;5;6;3;5;7;4;0;0;0;0;1;0;1;1;0;0;1;0;0;0;0;0;0;0;0;0;0;0;0;0;0;0;0;
anketa_20410;7;6;5;5;3;2;7;3;2;5;2;1;1;0;0;0;0;0;0;0;1;0;0;0;0;0;0;0;0;0;0;0;0;0;0;0;0;0;
anketa_20411;4;3;7;5;2;4;3;1;1;2;1;0;0;0;0;0;0;0;0;0;0;1;0;0;0;0;0;0;0;0;0;0;0;0;0;0;0;0;
anketa_20412;2;3;4;4;2;4;2;1;1;5;1;0;0;0;0;1;1;0;0;0;0;1;0;0;0;0;0;0;0;0;0;0;0;0;0;0;0;0;
anketa_20413;5;6;3;5;2;6;5;6;6;7;5;0;0;1;0;1;1;0;0;0;0;0;0;0;0;0;0;0;0;0;0;0;0;0;0;0;0;0;
anketa_20414;1;6;5;5;4;4;3;2;3;5;4;0;0;0;0;1;1;0;0;0;0;0;0;0;0;0;0;0;0;0;0;0;0;0;0;0;0;0;
anketa_20415;7;7;6;7;3;7;3;2;1;2;1;0;0;0;0;1;0;0;0;0;0;1;0;0;0;0;0;0;0;0;0;0;0;0;0;0;0;0;
anketa_20416;2;3;3;5;4;4;1;1;1;4;2;0;0;0;0;1;0;0;0;0;0;0;0;0;0;0;0;0;0;0;0;0;0;0;0;0;0;0;
anketa_20417;7;5;7;6;3;4;7;3;2;7;3;0;0;0;0;1;0;0;0;0;0;0;0;0;0;0;0;0;0;0;0;0;0;0;0;0;0;0;
anketa_20418;6;4;5;3;3;7;1;1;1;1;1;0;0;0;0;0;0;0;0;0;0;0;0;0;0;0;0;0;0;0;0;0;0;0;0;0;0;0;
anketa_20419;7;5;7;7;3;7;1;1;1;3;1;0;0;0;1;0;1;0;0;0;0;0;0;0;0;0;0;0;0;0;0;0;0;0;0;0;0;0;
anketa_20420;7;7;7;7;7;7;7;1;1;1;1;0;0;1;1;0;1;0;0;0;0;0;0;0;0;0;0;0;0;0;0;0;0;0;0;0;0;0;
anketa_20421;7;5;6;7;6;5;7;4;7;7;5;0;0;0;0;0;0;0;0;0;0;1;0;1;0;0;0;0;0;0;0;0;0;0;0;0;0;0;
anketa_20422;2;4;1;5;3;4;6;1;5;6;1;0;0;0;0;1;1;0;0;0;0;0;0;0;0;0;0;0;0;0;0;0;0;0;0;0;0;0;
anketa_20423;4;3;5;2;1;1;1;1;6;1;1;0;0;0;1;0;1;0;0;0;0;1;0;0;0;0;0;0;0;0;0;1;0;0;0;0;0;0;
anketa_20424;7;2;5;3;2;4;2;3;1;6;2;0;0;1;1;1;0;0;0;0;0;0;0;0;0;0;0;0;0;0;0;0;0;0;0;0;0;0;
anketa_20426;7;3;6;4;2;3;1;2;5;1;2;0;0;0;0;0;0;1;0;0;0;1;0;0;0;0;0;0;0;0;0;0;0;0;0;0;0;0;
anketa_20427;1;3;1;1;1;1;5;1;1;1;1;1;0;0;0;1;0;0;0;0;0;0;0;0;0;0;0;0;0;0;0;0;0;0;0;0;0;0;
anketa_20428;1;1;1;1;1;1;1;1;1;1;1;0;0;1;0;0;0;0;0;0;0;0;0;0;0;0;0;0;0;0;0;0;0;0;0;0;0;0;
anketa_20429;4;1;1;1;1;1;3;2;1;2;2;1;0;1;0;1;0;0;0;0;0;1;0;0;0;0;0;0;0;0;0;0;0;0;0;0;0;0;
anketa_20430;2;5;5;5;3;6;6;1;5;4;2;1;0;0;0;1;1;0;0;0;0;0;0;0;0;0;0;0;0;0;0;0;0;0;0;0;0;0;
anketa_20431;1;7;7;7;7;7;4;5;6;7;5;0;0;0;1;0;1;1;1;0;0;1;1;0;0;0;0;0;0;0;0;0;1;0;1;1;1;0;
anketa_20432;3;5;5;5;4;5;1;3;2;5;3;1;1;1;0;1;1;1;0;0;0;1;0;1;0;1;0;0;0;0;0;0;0;0;0;0;0;0;
anketa_20433;7;7;6;6;7;7;3;1;4;7;2;0;0;0;0;0;0;0;0;0;0;0;0;0;0;0;0;0;0;0;0;0;0;0;0;0;0;0;
anketa_20435;4;3;3;3;2;3;5;2;3;5;2;1;0;1;0;0;1;0;0;0;0;1;0;1;0;0;0;0;0;0;0;1;0;0;0;0;0;0;
anketa_20436;4;1;2;2;2;5;4;2;3;4;1;0;0;0;0;1;1;0;0;0;0;1;0;0;0;0;0;0;0;0;0;0;0;0;0;0;0;0;
anketa_20437;5;6;7;4;1;5;5;1;1;5;1;1;0;0;1;1;0;0;0;0;0;1;0;0;0;0;0;0;0;0;0;0;0;0;0;0;0;0;
anketa_20438;5;4;4;7;4;5;4;3;4;5;2;1;0;0;0;0;0;0;0;0;0;1;0;0;0;0;0;0;0;0;0;0;0;0;0;0;0;0;
anketa_20439;6;6;4;6;5;5;2;1;6;7;2;1;0;1;0;1;1;0;0;0;0;0;0;0;0;0;0;0;0;0;0;0;0;0;0;0;0;0;
anketa_20440;7;4;6;1;1;7;2;2;1;2;1;0;0;0;0;1;0;0;0;0;0;0;0;0;0;0;0;0;0;0;0;0;0;0;0;0;0;0;
anketa_20442;7;1;5;1;1;2;1;1;1;1;2;0;0;0;0;1;1;0;0;0;0;1;0;0;0;0;0;0;0;0;0;0;0;0;0;0;0;0;
anketa_20443;4;2;3;2;3;5;6;2;1;3;3;0;0;0;0;0;1;0;0;0;0;0;0;0;0;0;0;0;0;0;0;0;0;0;0;0;0;0;
anketa_20444;1;3;6;6;4;4;1;1;5;5;7;0;0;0;1;0;0;0;0;0;0;0;0;0;0;0;0;0;0;0;0;0;0;0;0;0;0;0;
anketa_20445;7;2;5;5;7;2;2;1;1;5;2;0;0;0;0;0;1;0;0;0;0;1;0;0;0;0;0;0;0;0;0;0;0;0;0;0;0;0;
anketa_20446;7;7;5;5;6;4;2;2;4;6;2;0;0;0;0;0;1;1;0;0;0;1;0;0;0;0;0;0;0;0;0;0;0;0;0;0;0;0;
anketa_20447;5;3;7;3;2;3;6;1;5;6;1;0;0;0;0;1;1;0;0;0;0;0;0;0;0;0;0;0;0;0;0;0;0;0;0;0;0;0;
anketa_20448;6;7;7;6;5;7;6;1;3;3;3;0;0;0;1;0;1;0;0;0;0;0;0;0;0;0;0;0;0;0;0;0;0;0;0;0;0;0;
